﻿Account Number,Statement Number,Transaction Type Debit (Dr)/Credit (Cr),Transaction Date,Bank Transaction Number,Amount,Value Date,Description,Challan No,Agreement No,Line No
,04-Feb-22,Cr,04-Feb-22,HDFCR52022020494775666,229640,04-Feb-22,RTGS CR-HDFC0000240-CHOLAMANDALAMINVESTMENTANDFIN84-KARURVYSYABANK-HDFCR52022020494775666,HDFCR52022020494775666,HDFCR52022020494775666,1
,04-Feb-22,Cr,04-Feb-22,N035221819563119,4,04-Feb-22,NEFT CR-HDFC0000240-CHOLAMANDALAM INVESTMENT AND FIN 84-KARUR VYSYA BANK-N035221819563119,N035221819563119,N035221819563119,2
,04-Feb-22,Cr,04-Feb-22,N035221819567200,52201,04-Feb-22,NEFT CR-HDFC0000240-CHOLAMANDALAM INVESTMENT AND FIN 84-KARUR VYSYA BANK-N035221819567200,N035221819567200,N035221819567200,3
,04-Feb-22,Cr,04-Feb-22,N035221819567290,52201,04-Feb-22,NEFT CR-HDFC0000240-CHOLAMANDALAM INVESTMENT AND FIN 84-KARUR VYSYA BANK-N035221819567290,N035221819567290,N035221819567290,4
,04-Feb-22,Cr,04-Feb-22,N035221819567434,360,04-Feb-22,NEFT CR-HDFC0000240-CHOLAMANDALAM INVESTMENT AND FIN 84-KARUR VYSYA BANK-N035221819567434,N035221819567434,N035221819567434,5
,04-Feb-22,Cr,04-Feb-22,N035221819567191,52201,04-Feb-22,NEFT CR-HDFC0000240-CHOLAMANDALAM INVESTMENT AND FIN 84-KARUR VYSYA BANK-N035221819567191,N035221819567191,N035221819567191,6
,04-Feb-22,Cr,04-Feb-22,N035221819567450,1,04-Feb-22,NEFT CR-HDFC0000240-CHOLAMANDALAM INVESTMENT AND FIN 84-KARUR VYSYA BANK-N035221819567450,N035221819567450,N035221819567450,7
,04-Feb-22,Cr,04-Feb-22,N035221819571832,52201,04-Feb-22,NEFT CR-HDFC0000240-CHOLAMANDALAM INVESTMENT AND FIN 84-KARUR VYSYA BANK-N035221819571832,N035221819571832,N035221819571832,8
