band_id,entry_id,type_of_enrty,debit_credit_flag,entry_amount,value_date,posting_date,product_code,pickup_location,pickup_point,pickup_date,deposit_slip_number,deposit_date,deposit_amount,number_of_instruments,deposit_remarks,d1,instrument_number,drawee_bank,clearing_location,instrument_amount,instrument_date,drawer_name,e1,e2,e3,return_reason_remarks
H,05022022,07022022,,,,,,,,,,,,,,,,,,,,,,,,
D,220205000GTJ,T,C,42550,05022022,05022022,CASH,AHMEDABAD- GUJ,SAKAR2 - Ellisbridge$AHMCHOS009,05022022,17183523,05022022,42550,1,,,CASH,HDFC Bank Ltd,AHMEDABAD- GUJ,42550,05022022,,,,,
D,220205000HZJ,T,C,46414,05022022,05022022,CASH,Rajkot - Gujarat,RAJK$RAJCHOR002-1,05022022,16529111,05022022,46414,1,,,CASH,HDFC Bank Ltd,Rajkot - Gujarat,46414,05022022,,,0,0,
D,220205000PY1,T,C,13700,05022022,05022022,CASH,Tirunelveli 627006 (For MICR Chqs Only),TIRUN,05022022,13794766,05022022,13700,1,,,CASH,HDFC Bank Ltd,Tirunelveli 627006 (For MICR Chqs Only),13700,05022022,,,,,
D,2202050016TL,T,C,378207,05022022,05022022,CASH,SURAT (MICR CHQ ONLY),SUR$SURCHOR009-1,05022022,14147648,05022022,378207,1,,,CASH,HDFC Bank Ltd,SURAT (MICR CHQ ONLY),378207,05022022,,,,,
D,220205001B7V,T,C,45900,05022022,05022022,CASH,SURAT (MICR CHQ ONLY),SUR$SURCHOR009-1,05022022,14147645,05022022,45900,1,,,CASH,HDFC Bank Ltd,SURAT (MICR CHQ ONLY),45900,05022022,,,,,
D,220205001B7Z,T,C,76500,05022022,05022022,CASH,SURAT (MICR CHQ ONLY),SUR$SURCHOR009-1,05022022,14147646,05022022,76500,1,,,CASH,HDFC Bank Ltd,SURAT (MICR CHQ ONLY),76500,05022022,,,,,
D,220205001CE5,T,C,36729,05022022,05022022,CASH,Bhilwara ( RAJATHAN 311 001 ),BHIL $BHILWARA017,05022022,15044883,05022022,36729,1,,,CASH,HDFC Bank Ltd,Bhilwara ( RAJATHAN 311 001 ),36729,05022022,CHOLAMANDALAM INV FIN CO L,,,,
D,220205001CE9,T,C,56820,05022022,05022022,CASH,Bhilwara ( RAJATHAN 311 001 ),BHIL $BHILWARA017,05022022,15044884,05022022,56820,1,,,CASH,HDFC Bank Ltd,Bhilwara ( RAJATHAN 311 001 ),56820,05022022,CHOLAMANDALAM INV FIN CO L,,,,
D,220205001EX1,T,C,46760,05022022,05022022,CASH,BUXAR (BHOJPUR) BHI 802 101,Sohanipatti,05022022,10912610,05022022,46760,1,,,CASH,HDFC Bank Ltd,BUXAR (BHOJPUR) BHI 802 101,46760,05022022,CHOLAMANDLAM INV FIN,,,,
D,22020500265Z,T,C,99100,05022022,05022022,CASH,Visakhapatnam,VIS$VIZCHOR001,05022022,14606277,05022022,99100,1,,,CASH,HDFC Bank Ltd,Visakhapatnam,99100,05022022,,,,,
D,220205002OOL,T,C,25323,05022022,05022022,CASH,Nellore (Non POS/TNCUBL)A.P. - 524 002,NEL,05022022,13170591,05022022,25323,1,,,CASH,HDFC Bank Ltd,Nellore (Non POS/TNCUBL)A.P. - 524 002,25323,05022022,CHOLAMANDALAM INVESTMENT AND FIN CO LTD,,,,
D,220205002U8J,T,C,40185,05022022,05022022,CASH,AGRA (FOR MICR CHQ ONLY),AGR$AGRCHOS002,05022022,16825476,05022022,40185,1,,,CASH,HDFC Bank Ltd,AGRA (FOR MICR CHQ ONLY),40185,05022022,,,,,
D,220205002ZKT,T,C,20300,05022022,05022022,CASH,Ludhiana,LUD $ LUDHIANA0024,05022022,15838497,05022022,20300,1,,,CASH,HDFC Bank Ltd,Ludhiana,20300,05022022,,,,,
D,220205002ZLG,T,C,97900,05022022,05022022,CASH,Ludhiana,LUD $ LUDHIANA0024,05022022,15838496,05022022,97900,1,,,CASH,HDFC Bank Ltd,Ludhiana,97900,05022022,,,,,
D,2202050035HV,T,C,35460,05022022,05022022,CASH,Gwalior,GWA$GWACHOJ001,05022022,50099052,05022022,35460,1,,,CASH,HDFC Bank Ltd,Gwalior,35460,05022022,,,,,
D,2202050035HZ,T,C,86258,05022022,05022022,CASH,Gwalior,GWA$GWACHOJ001,05022022,50099053,05022022,86258,1,,,CASH,HDFC Bank Ltd,Gwalior,86258,05022022,,,,,
D,220205003HKL,T,C,23980,05022022,05022022,CASH,GANDHIDHAM (NON POS) GUJ 370 201,GAN,05022022,015343830,05022022,23980,1,,,CASH,HDFC Bank Ltd,GANDHIDHAM (NON POS) GUJ 370 201,23980,05022022,,,,,
D,2202050048BP,T,C,18632,05022022,05022022,CASH,GONDIA-441601(Bhandara - Maharashtra),GOND,05022022,016027081,05022022,18632,1,,,CASH,HDFC Bank Ltd,GONDIA-441601(Bhandara - Maharashtra),18632,05022022,ABHISHEK MADHUSUDAN ASATI,,,,
D,2202050048BT,T,C,10243,05022022,05022022,CASH,GONDIA-441601(Bhandara - Maharashtra),GOND,05022022,016027082,05022022,10243,1,,,CASH,HDFC Bank Ltd,GONDIA-441601(Bhandara - Maharashtra),10243,05022022,KANTABAI DAYARAM SHIVANKAR,,,,
D,220204002IB0,T,C,19000,05022022,04022022,HBTRF,Jodhpur,JOD,04022022,58937513,04022022,19000,1,,,2353,HDFC Bank Ltd,Jodhpur,19000,03022022,MAYAUR,NM,,,
D,22020400391D,T,C,123300,05022022,04022022,HBTRF,Ajmer (Rajasthan) - 305 001,AJM $ HDF1570074,04022022,61100086,04022022,162300,2,,,1,HDFC Bank Ltd,Ajmer (Rajasthan) - 305 001,123300,31012022,PARVINDRA,61100086,,,
D,22020400391E,T,C,39000,05022022,04022022,HBTRF,Ajmer (Rajasthan) - 305 001,AJM $ HDF1570074,04022022,61100086,04022022,162300,2,,,2,HDFC Bank Ltd,Ajmer (Rajasthan) - 305 001,39000,31012022,PARVINDRA,61100086,,,
D,220204003IV0,T,C,3732875,05022022,04022022,HBTRF,MEHSANA GUJARAT 384 002,MEHS,04022022,61376431,04022022,3732875,1,,,922089,HDFC Bank Ltd,MEHSANA GUJARAT 384 002,3732875,31012022,ASHOK,NMONDEP,,,
D,220204003IV2,T,C,723865,05022022,04022022,HBTRF,MEHSANA GUJARAT 384 002,MEHS,04022022,61376430,04022022,723865,1,,,922088,HDFC Bank Ltd,MEHSANA GUJARAT 384 002,723865,31012022,ASHOK,NMONDEP,,,
D,2202040043EQ,T,C,3918637,05022022,04022022,HBTRF,Tirunelveli 627006 (For MICR Chqs Only),TIRUN,04022022,62913181,04022022,3918637,1,,,921361,HDFC Bank Ltd,Tirunelveli 627006 (For MICR Chqs Only),3918637,14012022,HDBFS,NA,,,
D,220204004I6N,T,C,180000,05022022,04022022,HBTRF,Jaipur,NSR - NEW SANAGANER ROAD,04022022,59127700,04022022,185000,2,,,31189,HDFC Bank Ltd,Jaipur,180000,31012022,CARDIO VASCULAR,NM ON CHQ,,,
D,220204004I6O,T,C,5000,05022022,04022022,HBTRF,Jaipur,NSR - NEW SANAGANER ROAD,04022022,59127700,04022022,185000,2,,,12591,HDFC Bank Ltd,Jaipur,5000,21012022,MADHU DEVI,NM ON CHQ,,,
D,220204005902,T,C,55710,05022022,04022022,HBTRF,CHENNAI,Guindy,04022022,64218030,03022022,55710,1,,,000070,HDFC Bank Ltd,CHENNAI,55710,31012022,NANDAN,NOT AVAIL,,,
D,220204005904,T,C,101350,05022022,04022022,HBTRF,CHENNAI,MAD$CHECHON001,04022022,064218034,04022022,101350,1,,,000084,HDFC Bank Ltd,CHENNAI,101350,31012022,Z SQUAD SECURITY,3111257,,,
D,220204005906,T,C,200000,05022022,04022022,HBTRF,CHENNAI,MAD$CHECHON001,04022022,2854990,03022022,200000,1,,,000193,HDFC Bank Ltd,CHENNAI,200000,31012022,INDIRA,NOT AVAIL,,,
D,220204005L2Q,T,C,8090,05022022,04022022,HBTRF,Gwalior,GWA$GWACHOJ001,04022022,57696789,04022022,8090,1,,,007402,HDFC Bank Ltd,Gwalior,8090,29012022,JITENDRA SHARMA,NA,,,
D,2202040075C6,T,C,24000,05022022,04022022,HBTRF,BANGALORE,BAN,04022022,063889780,04022022,24000,1,,,005982,HDFC Bank Ltd,BANGALORE,24000,21012022,MANAGER CHEQUE,0,,,
D,220205004ILX,T,C,420019,07022022,05022022,HBTRF,CHENNAI,MAD$CHECHON001,05022022,2854987,04022022,420019,1,,,000047,HDFC Bank Ltd,CHENNAI,420019,31122021,AJS PAZHAMUDIR,NOT AVAIL,,,
D,220205004ILY,T,D,420019,07022022,05022022,HBTRF,CHENNAI,MAD$CHECHON001,05022022,2854987,04022022,420019,1,,,000047,HDFC Bank Ltd,CHENNAI,420019,31122021,AJS PAZHAMUDIR,NOT AVAIL,,,F009-INSUFFICIENT FUNDS
D,220205004LW9,T,C,79144,07022022,05022022,HBTRF,CHENNAI,MAD$CHECHON001,05022022,2854998,04022022,79144,1,,,000475,HDFC Bank Ltd,CHENNAI,79144,31012022,JAYACHANDRAN,NOT AVAIL,,,
D,220205005FY1,T,C,50000,07022022,05022022,HBTRF,Salem (ONLY FOR MICR CHQ),SAL,04022022,064214495,04022022,50000,1,,,002356,HDFC Bank Ltd,Salem (ONLY FOR MICR CHQ),50000,29012022,VSR TRADERS,NAONCHQ,,,
D,220205005Q3L,T,C,133318,07022022,05022022,HBTRF,SURAT (MICR CHQ ONLY),SUR$SURCHOR009-1,05022022,064710259,05022022,133318,1,,,000574,HDFC Bank Ltd,SURAT (MICR CHQ ONLY),133318,04022022,BHARAT,NMONCHQ,,,
D,220205005Q3N,T,C,10699000,07022022,05022022,HBTRF,SURAT (MICR CHQ ONLY),SUR$SURCHOR009-1,05022022,064710260,05022022,10699000,1,,,093096,HDFC Bank Ltd,SURAT (MICR CHQ ONLY),10699000,31012022,BHARAT,NMONCHQ,,,
D,2202050079BX,T,C,618000,07022022,05022022,HBTRF,Madurai,MADU,05022022,63508849,05022022,618000,1,,,000167,HDFC Bank Ltd,Madurai,618000,31012022,G KARTHICK,NA IN CHA,,,
D,2202050079BY,T,D,618000,07022022,05022022,HBTRF,Madurai,MADU,05022022,63508849,05022022,618000,1,,,000167,HDFC Bank Ltd,Madurai,618000,31012022,G KARTHICK,NA IN CHA,,,F009-INSUFFICIENT FUNDS
D,2202050079YJ,T,C,3300000,07022022,05022022,HBTRF,Madurai,MADU,05022022,58867400,05022022,3300000,1,,,195033,HDFC Bank Ltd,Madurai,3300000,31012022,HOUSING DEVPMNT FINANCE,NA IN CHA,,,
D,2202040013DM,T,C,53000,05022022,04022022,LCT,Coimbatore (Only MICR Chq),COI,03022022,064316515,03022022,53000,1,,,000047,UCO BANK,Coimbatore (Only MICR Chq),53000,31012022,SUNDAR TOURS,NM ON SLIP,,,
D,2202040013DN,T,D,53000,05022022,04022022,LCT,Coimbatore (Only MICR Chq),COI,03022022,064316515,03022022,53000,1,,,000047,UCO BANK,Coimbatore (Only MICR Chq),53000,31012022,SUNDAR TOURS,NM ON SLIP,,,T004-ACCOUNT CLOSED
D,2202040013DQ,T,C,43650,05022022,04022022,LCT,Coimbatore (Only MICR Chq),COI,03022022,064316506,03022022,43650,1,,,000263,Karur Vysya Bank Ltd,Coimbatore (Only MICR Chq),43650,31012022,RUKKUMANI S,NM ON SLIP,,,
D,2202040013DR,T,D,43650,05022022,04022022,LCT,Coimbatore (Only MICR Chq),COI,03022022,064316506,03022022,43650,1,,,000263,Karur Vysya Bank Ltd,Coimbatore (Only MICR Chq),43650,31012022,RUKKUMANI S,NM ON SLIP,,,F009-INSUFFICIENT FUNDS
D,2202040013DU,T,C,100000,05022022,04022022,LCT,Coimbatore (Only MICR Chq),COI,03022022,064316503,03022022,100000,1,,,000014,Bank of Baroda,Coimbatore (Only MICR Chq),100000,31012022,SHRI LAKSHMI SUPER MARKET,NM ON SLIP,,,
D,2202040013DV,T,D,100000,05022022,04022022,LCT,Coimbatore (Only MICR Chq),COI,03022022,064316503,03022022,100000,1,,,000014,Bank of Baroda,Coimbatore (Only MICR Chq),100000,31012022,SHRI LAKSHMI SUPER MARKET,NM ON SLIP,,,F006-EXCEEDS ARRANGEMENT
D,2202040013DY,T,C,93100,05022022,04022022,LCT,Coimbatore (Only MICR Chq),COI,03022022,064316519,03022022,93100,1,,,223440,Canara Bank,Coimbatore (Only MICR Chq),93100,31012022,SRI SAI VAIRAM EGG C ENTER,NM ON SLIP,,,
D,2202040013DZ,T,D,93100,05022022,04022022,LCT,Coimbatore (Only MICR Chq),COI,03022022,064316519,03022022,93100,1,,,223440,Canara Bank,Coimbatore (Only MICR Chq),93100,31012022,SRI SAI VAIRAM EGG C ENTER,NM ON SLIP,,,F009-INSUFFICIENT FUNDS
D,2202040013E2,T,C,177537,05022022,04022022,LCT,Coimbatore (Only MICR Chq),COI,03022022,064316517,03022022,309697,2,,,861285,State Bank Of India,Coimbatore (Only MICR Chq),177537,31012022,VARNAM GARMENTS,NM ON SLIP,,,
D,2202040013E3,T,D,177537,05022022,04022022,LCT,Coimbatore (Only MICR Chq),COI,03022022,064316517,03022022,309697,2,,,861285,State Bank Of India,Coimbatore (Only MICR Chq),177537,31012022,VARNAM GARMENTS,NM ON SLIP,,,F009-INSUFFICIENT FUNDS
D,2202040013E6,T,C,181500,05022022,04022022,LCT,Coimbatore (Only MICR Chq),COI,03022022,064316516,03022022,181500,1,,,223439,Canara Bank,Coimbatore (Only MICR Chq),181500,31012022,SRI SAI VAIRAM EGG CENTER,NM ON SLIP,,,
D,2202040013E7,T,D,181500,05022022,04022022,LCT,Coimbatore (Only MICR Chq),COI,03022022,064316516,03022022,181500,1,,,223439,Canara Bank,Coimbatore (Only MICR Chq),181500,31012022,SRI SAI VAIRAM EGG CENTER,NM ON SLIP,,,F009-INSUFFICIENT FUNDS
D,2202040013EA,T,C,132160,05022022,04022022,LCT,Coimbatore (Only MICR Chq),COI,03022022,064316517,03022022,309697,2,,,861284,State Bank Of India,Coimbatore (Only MICR Chq),132160,31012022,VARNAM GARMENTS,NM ON SLIP,,,
D,2202040013EB,T,D,132160,05022022,04022022,LCT,Coimbatore (Only MICR Chq),COI,03022022,064316517,03022022,309697,2,,,861284,State Bank Of India,Coimbatore (Only MICR Chq),132160,31012022,VARNAM GARMENTS,NM ON SLIP,,,F009-INSUFFICIENT FUNDS
D,2202040017JC,T,C,58029,07022022,04022022,LCT,BHUBANESHWAR (TUCO BK CLG SUSP-PLS REJ),BHU,03022022,59636735,03022022,58029,1,,,492615,State Bank Of India,BHUBANESHWAR (TUCO BK CLG SUSP-PLS REJ),58029,31012022,PATTANAIK ASSOCIATES,59636735,,,
D,2202040017JD,T,D,58029,07022022,04022022,LCT,BHUBANESHWAR (TUCO BK CLG SUSP-PLS REJ),BHU,03022022,59636735,03022022,58029,1,,,492615,State Bank Of India,BHUBANESHWAR (TUCO BK CLG SUSP-PLS REJ),58029,31012022,PATTANAIK ASSOCIATES,59636735,,,F009-INSUFFICIENT FUNDS
D,2202040017JG,T,C,80400,07022022,04022022,LCT,BHUBANESHWAR (TUCO BK CLG SUSP-PLS REJ),BHU,03022022,59636734,03022022,80400,1,,,492614,State Bank Of India,BHUBANESHWAR (TUCO BK CLG SUSP-PLS REJ),80400,31012022,PATTANAIK ASSOCIATES,59636734,,,
D,2202040017JH,T,D,80400,07022022,04022022,LCT,BHUBANESHWAR (TUCO BK CLG SUSP-PLS REJ),BHU,03022022,59636734,03022022,80400,1,,,492614,State Bank Of India,BHUBANESHWAR (TUCO BK CLG SUSP-PLS REJ),80400,31012022,PATTANAIK ASSOCIATES,59636734,,,F009-INSUFFICIENT FUNDS
D,2202040018Y4,T,C,72946,05022022,04022022,LCT,Jaipur,NSR - NEW SANAGANER ROAD,03022022,59127679,03022022,72946,1,,,79,Bank of Baroda,Jaipur,72946,31012022,PUSHPENDRA SINGH,NMONCHQ,,,
D,2202040018Y5,T,D,72946,05022022,04022022,LCT,Jaipur,NSR - NEW SANAGANER ROAD,03022022,59127679,03022022,72946,1,,,79,Bank of Baroda,Jaipur,72946,31012022,PUSHPENDRA SINGH,NMONCHQ,,,F009-INSUFFICIENT FUNDS
D,2202040018Y8,T,C,145853,05022022,04022022,LCT,Jaipur,NSR - NEW SANAGANER ROAD,03022022,59127676,03022022,145853,1,,,1833,Bank of Baroda,Jaipur,145853,31012022,RATNA SANGAM GEMS,NMONCHQ,,,
D,2202040018Y9,T,D,145853,05022022,04022022,LCT,Jaipur,NSR - NEW SANAGANER ROAD,03022022,59127676,03022022,145853,1,,,1833,Bank of Baroda,Jaipur,145853,31012022,RATNA SANGAM GEMS,NMONCHQ,,,F009-INSUFFICIENT FUNDS
D,2202040018YC,T,C,288040,05022022,04022022,LCT,Jaipur,NSR - NEW SANAGANER ROAD,03022022,45350675,03022022,288040,1,,,1832,Bank of Baroda,Jaipur,288040,31012022,RATNA SAGAM GEMS,NMONCHQ,,,
D,2202040018YD,T,D,288040,05022022,04022022,LCT,Jaipur,NSR - NEW SANAGANER ROAD,03022022,45350675,03022022,288040,1,,,1832,Bank of Baroda,Jaipur,288040,31012022,RATNA SAGAM GEMS,NMONCHQ,,,F009-INSUFFICIENT FUNDS
D,2202040018YG,T,C,21362,05022022,04022022,LCT,Jaipur,NSR - NEW SANAGANER ROAD,03022022,59127680,03022022,21362,1,,,80,Bank of Baroda,Jaipur,21362,31012022,PUSHPENDRA SINGH,NMONCHQ,,,
D,2202040018YH,T,D,21362,05022022,04022022,LCT,Jaipur,NSR - NEW SANAGANER ROAD,03022022,59127680,03022022,21362,1,,,80,Bank of Baroda,Jaipur,21362,31012022,PUSHPENDRA SINGH,NMONCHQ,,,F009-INSUFFICIENT FUNDS
D,2202040018YK,T,C,466005,05022022,04022022,LCT,Jaipur,NSR - NEW SANAGANER ROAD,03022022,59127682,03022022,466005,1,,,4718,The Jaipur Central Co-op Bank Ltd.,Jaipur,466005,31012022,GARIMA COLONIZERS AND BUILDEST,NMONCHQ,,,
D,2202040018YL,T,D,466005,05022022,04022022,LCT,Jaipur,NSR - NEW SANAGANER ROAD,03022022,59127682,03022022,466005,1,,,4718,The Jaipur Central Co-op Bank Ltd.,Jaipur,466005,31012022,GARIMA COLONIZERS AND BUILDEST,NMONCHQ,,,F009-INSUFFICIENT FUNDS
D,2202040018YO,T,C,72221,05022022,04022022,LCT,Jaipur,NSR - NEW SANAGANER ROAD,03022022,59127688,03022022,72221,1,,,355940,Canara Bank,Jaipur,72221,31012022,NAREN VISION,NMONCHQ,,,
D,2202040018YP,T,D,72221,05022022,04022022,LCT,Jaipur,NSR - NEW SANAGANER ROAD,03022022,59127688,03022022,72221,1,,,355940,Canara Bank,Jaipur,72221,31012022,NAREN VISION,NMONCHQ,,,F009-INSUFFICIENT FUNDS
D,2202040018YS,T,C,95176,05022022,04022022,LCT,Jaipur,NSR - NEW SANAGANER ROAD,03022022,59127690,03022022,340076,2,,,217560,Bank of Baroda,Jaipur,95176,31012022,GHANSHAYAM DAS MAHESHWARI,NMONCHQ,,,
D,2202040018YT,T,D,95176,05022022,04022022,LCT,Jaipur,NSR - NEW SANAGANER ROAD,03022022,59127690,03022022,340076,2,,,217560,Bank of Baroda,Jaipur,95176,31012022,GHANSHAYAM DAS MAHESHWARI,NMONCHQ,,,F009-INSUFFICIENT FUNDS
D,2202040018YW,T,C,27600,05022022,04022022,LCT,Jaipur,NSR - NEW SANAGANER ROAD,03022022,59127692,03022022,27600,1,,,24,KOTAK MAHINDRA BANK,Jaipur,27600,31012022,NAVNIT AGARWAL,NMONCHQ,,,
D,2202040018YX,T,D,27600,05022022,04022022,LCT,Jaipur,NSR - NEW SANAGANER ROAD,03022022,59127692,03022022,27600,1,,,24,KOTAK MAHINDRA BANK,Jaipur,27600,31012022,NAVNIT AGARWAL,NMONCHQ,,,F009-INSUFFICIENT FUNDS
D,2202040018Z0,T,C,49798,05022022,04022022,LCT,Jaipur,NSR - NEW SANAGANER ROAD,03022022,59127696,03022022,49798,1,,,678680,State Bank Of India,Jaipur,49798,31012022,NEERAJ BHARDWAJ,NMONCHQ,,,
D,2202040018Z1,T,D,49798,05022022,04022022,LCT,Jaipur,NSR - NEW SANAGANER ROAD,03022022,59127696,03022022,49798,1,,,678680,State Bank Of India,Jaipur,49798,31012022,NEERAJ BHARDWAJ,NMONCHQ,,,F009-INSUFFICIENT FUNDS
D,2202040018Z4,T,C,48000,05022022,04022022,LCT,Jaipur,NSR - NEW SANAGANER ROAD,03022022,59127699,03022022,48000,1,,,45013,RAJASTHAN MARUDHARA GRAMIN BANK,Jaipur,48000,02022022,LAXMI SAINI,NMONCHQ,,,
D,2202040018Z5,T,D,48000,05022022,04022022,LCT,Jaipur,NSR - NEW SANAGANER ROAD,03022022,59127699,03022022,48000,1,,,45013,RAJASTHAN MARUDHARA GRAMIN BANK,Jaipur,48000,02022022,LAXMI SAINI,NMONCHQ,,,T029-DRAWERS SIGN DIFFERS FROM SPECIMEN
D,2202040018Z8,T,C,119622,05022022,04022022,LCT,Jaipur,NSR - NEW SANAGANER ROAD,03022022,59127694,03022022,363168,2,,,414,KOTAK MAHINDRA BANK,Jaipur,119622,31012022,OM LIFE CARE PVT LTD,NMONCHQ,,,
D,2202040018Z9,T,D,119622,05022022,04022022,LCT,Jaipur,NSR - NEW SANAGANER ROAD,03022022,59127694,03022022,363168,2,,,414,KOTAK MAHINDRA BANK,Jaipur,119622,31012022,OM LIFE CARE PVT LTD,NMONCHQ,,,F009-INSUFFICIENT FUNDS
D,2202040018ZC,T,C,243546,05022022,04022022,LCT,Jaipur,NSR - NEW SANAGANER ROAD,03022022,59127694,03022022,363168,2,,,412,KOTAK MAHINDRA BANK,Jaipur,243546,31012022,OM LIFE CARE PVT LTD,NMONCHQ,,,
D,2202040018ZD,T,D,243546,05022022,04022022,LCT,Jaipur,NSR - NEW SANAGANER ROAD,03022022,59127694,03022022,363168,2,,,412,KOTAK MAHINDRA BANK,Jaipur,243546,31012022,OM LIFE CARE PVT LTD,NMONCHQ,,,F009-INSUFFICIENT FUNDS
D,2202040018ZG,T,C,1520000,05022022,04022022,LCT,Jaipur,NSR - NEW SANAGANER ROAD,03022022,59127697,03022022,1520000,1,,,19,UCO BANK,Jaipur,1520000,31012022,MEENA GUPTA,NMONCHQ,,,
D,2202040018ZH,T,D,1520000,05022022,04022022,LCT,Jaipur,NSR - NEW SANAGANER ROAD,03022022,59127697,03022022,1520000,1,,,19,UCO BANK,Jaipur,1520000,31012022,MEENA GUPTA,NMONCHQ,,,F009-INSUFFICIENT FUNDS
D,2202040018ZK,T,C,244900,05022022,04022022,LCT,Jaipur,NSR - NEW SANAGANER ROAD,03022022,59127690,03022022,340076,2,,,217559,Bank of Baroda,Jaipur,244900,31012022,GHANSHAYAM DAS MAHESHWARI,NMONCHQ,,,
D,2202040018ZL,T,D,244900,05022022,04022022,LCT,Jaipur,NSR - NEW SANAGANER ROAD,03022022,59127690,03022022,340076,2,,,217559,Bank of Baroda,Jaipur,244900,31012022,GHANSHAYAM DAS MAHESHWARI,NMONCHQ,,,F009-INSUFFICIENT FUNDS
D,2202040018ZO,T,C,257508,05022022,04022022,LCT,Jaipur,NSR - NEW SANAGANER ROAD,03022022,59127689,03022022,257508,1,,,355939,Canara Bank,Jaipur,257508,31012022,NAREN VISION,NMONCHQ,,,
D,2202040018ZP,T,D,257508,05022022,04022022,LCT,Jaipur,NSR - NEW SANAGANER ROAD,03022022,59127689,03022022,257508,1,,,355939,Canara Bank,Jaipur,257508,31012022,NAREN VISION,NMONCHQ,,,F009-INSUFFICIENT FUNDS
D,2202040018ZS,T,C,421482,05022022,04022022,LCT,Jaipur,NSR - NEW SANAGANER ROAD,03022022,59127685,03022022,421482,1,,,2265,ICICI BANK LTD,Jaipur,421482,31012022,PRASHANT GOVIL,NMONCHQ,,,
D,2202040018ZT,T,D,421482,05022022,04022022,LCT,Jaipur,NSR - NEW SANAGANER ROAD,03022022,59127685,03022022,421482,1,,,2265,ICICI BANK LTD,Jaipur,421482,31012022,PRASHANT GOVIL,NMONCHQ,,,F009-INSUFFICIENT FUNDS
D,2202040018ZW,T,C,746867,05022022,04022022,LCT,Jaipur,NSR - NEW SANAGANER ROAD,03022022,59127684,03022022,746867,1,,,2266,ICICI BANK LTD,Jaipur,746867,31012022,PRASHANT GOVIL,NMONCHQ,,,
D,2202040018ZX,T,D,746867,05022022,04022022,LCT,Jaipur,NSR - NEW SANAGANER ROAD,03022022,59127684,03022022,746867,1,,,2266,ICICI BANK LTD,Jaipur,746867,31012022,PRASHANT GOVIL,NMONCHQ,,,F009-INSUFFICIENT FUNDS
D,220204001BXG,T,C,100000,05022022,04022022,LCT,CHENNAI,MAD$CHECHON001,02022022,064218026,02022022,199600,3,,,000425,Karur Vysya Bank Ltd,CHENNAI,100000,31012022,MAHESHWARI P,XOHECHE2309971,,,
D,220204001BXH,T,D,100000,05022022,04022022,LCT,CHENNAI,MAD$CHECHON001,02022022,064218026,02022022,199600,3,,,000425,Karur Vysya Bank Ltd,CHENNAI,100000,31012022,MAHESHWARI P,XOHECHE2309971,,,F009-INSUFFICIENT FUNDS
D,220204001BXU,T,C,44500,05022022,04022022,LCT,CHENNAI,MAD$CHECHON001,02022022,064218026,02022022,199600,3,,,000194,Karur Vysya Bank Ltd,CHENNAI,44500,31012022,BOOBALAN K,XOHETHV3297215,,,
D,220204001BXX,T,D,44500,05022022,04022022,LCT,CHENNAI,MAD$CHECHON001,02022022,064218026,02022022,199600,3,,,000194,Karur Vysya Bank Ltd,CHENNAI,44500,31012022,BOOBALAN K,XOHETHV3297215,,,F009-INSUFFICIENT FUNDS
D,220204001DT0,T,C,121570,05022022,04022022,LCT,CHENNAI,MAD$CHECHON001,03022022,64218031,02022022,432780,4,,,178906,Tamilnad Mercantile Bank Ltd.,CHENNAI,121570,31012022,SANKAR STORES,NOT AVAILBLE ON CHQ,,,
D,220204001DT1,T,D,121570,05022022,04022022,LCT,CHENNAI,MAD$CHECHON001,03022022,64218031,02022022,432780,4,,,178906,Tamilnad Mercantile Bank Ltd.,CHENNAI,121570,31012022,SANKAR STORES,NOT AVAILBLE ON CHQ,,,F009-INSUFFICIENT FUNDS
D,220204001DT4,T,C,74620,05022022,04022022,LCT,CHENNAI,MAD$CHECHON001,03022022,64218031,02022022,432780,4,,,000193,Karur Vysya Bank Ltd,CHENNAI,74620,31012022,VINOTH KUMAR K B,NOT AVAILBLE ON CHQ,,,
D,220204001DT5,T,D,74620,05022022,04022022,LCT,CHENNAI,MAD$CHECHON001,03022022,64218031,02022022,432780,4,,,000193,Karur Vysya Bank Ltd,CHENNAI,74620,31012022,VINOTH KUMAR K B,NOT AVAILBLE ON CHQ,,,F009-INSUFFICIENT FUNDS
D,220204001DT8,T,C,31661,05022022,04022022,LCT,CHENNAI,MAD$CHECHON001,03022022,64218028,02022022,84761,2,,,008580,AXIS BANK LTD,CHENNAI,31661,31012022,SACHIN ASSOCIATEZ,XOHEENN2837735,,,
D,220204001DT9,T,D,31661,05022022,04022022,LCT,CHENNAI,MAD$CHECHON001,03022022,64218028,02022022,84761,2,,,008580,AXIS BANK LTD,CHENNAI,31661,31012022,SACHIN ASSOCIATEZ,XOHEENN2837735,,,F009-INSUFFICIENT FUNDS
D,220204001DTC,T,C,53100,05022022,04022022,LCT,CHENNAI,MAD$CHECHON001,03022022,64218028,02022022,84761,2,,,035721,AXIS BANK LTD,CHENNAI,53100,31012022,K RAMESH KUMAR,XOHEENN00003066555,,,
D,220204001DTD,T,D,53100,05022022,04022022,LCT,CHENNAI,MAD$CHECHON001,03022022,64218028,02022022,84761,2,,,035721,AXIS BANK LTD,CHENNAI,53100,31012022,K RAMESH KUMAR,XOHEENN00003066555,,,F009-INSUFFICIENT FUNDS
D,220204001DTG,T,C,21535,05022022,04022022,LCT,CHENNAI,MAD$CHECHON001,03022022,64218031,02022022,432780,4,,,000194,Karur Vysya Bank Ltd,CHENNAI,21535,31012022,VINOTH KUMAR K B,NOT AVAILBLE ON CHQ,,,
D,220204001DTH,T,D,21535,05022022,04022022,LCT,CHENNAI,MAD$CHECHON001,03022022,64218031,02022022,432780,4,,,000194,Karur Vysya Bank Ltd,CHENNAI,21535,31012022,VINOTH KUMAR K B,NOT AVAILBLE ON CHQ,,,F009-INSUFFICIENT FUNDS
D,220204001DTS,T,C,118500,05022022,04022022,LCT,CHENNAI,MAD$CHECHON001,03022022,2854992,03022022,529346,8,,,349379,Canara Bank,CHENNAI,118500,31012022,DEVARAJ,NOT AVAILABLE,,,
D,220204001DTT,T,D,118500,05022022,04022022,LCT,CHENNAI,MAD$CHECHON001,03022022,2854992,03022022,529346,8,,,349379,Canara Bank,CHENNAI,118500,31012022,DEVARAJ,NOT AVAILABLE,,,F009-INSUFFICIENT FUNDS
D,220204001DUG,T,C,27582,05022022,04022022,LCT,CHENNAI,MAD$CHECHON001,03022022,2854992,03022022,529346,8,,,000354,Karur Vysya Bank Ltd,CHENNAI,27582,31012022,G S SYSTEM,3226223,,,
D,220204001DUH,T,D,27582,05022022,04022022,LCT,CHENNAI,MAD$CHECHON001,03022022,2854992,03022022,529346,8,,,000354,Karur Vysya Bank Ltd,CHENNAI,27582,31012022,G S SYSTEM,3226223,,,F009-INSUFFICIENT FUNDS
D,220204001DUS,T,C,69583,05022022,04022022,LCT,CHENNAI,MAD$CHECHON001,03022022,2854992,03022022,529346,8,,,966162,Karnataka Bank Ltd,CHENNAI,69583,31012022,SRI SAI SARVANA ENTERPRISES,NOT AVAILABLE,,,
D,220204001DUT,T,D,69583,05022022,04022022,LCT,CHENNAI,MAD$CHECHON001,03022022,2854992,03022022,529346,8,,,966162,Karnataka Bank Ltd,CHENNAI,69583,31012022,SRI SAI SARVANA ENTERPRISES,NOT AVAILABLE,,,F009-INSUFFICIENT FUNDS
D,220204001DUW,T,C,75000,05022022,04022022,LCT,CHENNAI,MAD$CHECHON001,03022022,2854992,03022022,529346,8,,,071018,Central Bank of India,CHENNAI,75000,31012022,KSV INDUSTRIES,NOT AVAILABLE,,,
D,220204001DUX,T,D,75000,05022022,04022022,LCT,CHENNAI,MAD$CHECHON001,03022022,2854992,03022022,529346,8,,,071018,Central Bank of India,CHENNAI,75000,31012022,KSV INDUSTRIES,NOT AVAILABLE,,,F009-INSUFFICIENT FUNDS
D,220204001DV0,T,C,33000,05022022,04022022,LCT,CHENNAI,MAD$CHECHON001,03022022,2854992,03022022,529346,8,,,003052,City Union Bank Ltd,CHENNAI,33000,31012022,G K ELECTRICALS,3841524,,,
D,220204001DV1,T,D,33000,05022022,04022022,LCT,CHENNAI,MAD$CHECHON001,03022022,2854992,03022022,529346,8,,,003052,City Union Bank Ltd,CHENNAI,33000,31012022,G K ELECTRICALS,3841524,,,F009-INSUFFICIENT FUNDS
D,220204001DV4,T,C,26767,05022022,04022022,LCT,CHENNAI,MAD$CHECHON001,03022022,2854992,03022022,529346,8,,,000090,Indian Overseas Bank,CHENNAI,26767,31012022,SEENU RENTAL POWER,NOT AVAILABLE,,,
D,220204001DV5,T,D,26767,05022022,04022022,LCT,CHENNAI,MAD$CHECHON001,03022022,2854992,03022022,529346,8,,,000090,Indian Overseas Bank,CHENNAI,26767,31012022,SEENU RENTAL POWER,NOT AVAILABLE,,,F009-INSUFFICIENT FUNDS
D,220204001HLM,T,C,39605,05022022,04022022,LCT,Beawar  (Dt. Ajmer) RAJ,BEA,03022022,58829304,03022022,39605,1,,,013943,State Bank Of India,Beawar  (Dt. Ajmer) RAJ,39605,31012022,AMBIKA TRANSPORT COMPANY,NOT MENSON,,,
D,220204001HLN,T,D,39605,05022022,04022022,LCT,Beawar  (Dt. Ajmer) RAJ,BEA,03022022,58829304,03022022,39605,1,,,013943,State Bank Of India,Beawar  (Dt. Ajmer) RAJ,39605,31012022,AMBIKA TRANSPORT COMPANY,NOT MENSON,,,F009-INSUFFICIENT FUNDS
D,220204001HLR,T,C,138173,05022022,04022022,LCT,Beawar  (Dt. Ajmer) RAJ,BEA,03022022,58829305,03022022,138173,1,,,013942,State Bank Of India,Beawar  (Dt. Ajmer) RAJ,138173,31012022,AMBIKA TRANSPORT COMPANY,NOT MENSON,,,
D,220204001HLS,T,D,138173,05022022,04022022,LCT,Beawar  (Dt. Ajmer) RAJ,BEA,03022022,58829305,03022022,138173,1,,,013942,State Bank Of India,Beawar  (Dt. Ajmer) RAJ,138173,31012022,AMBIKA TRANSPORT COMPANY,NOT MENSON,,,F009-INSUFFICIENT FUNDS
D,220204001U9E,T,C,7500,05022022,04022022,LCT,Bhilwara ( RAJATHAN 311 001 ),BHIL $BHILWARA017,03022022,61195337,03022022,7500,1,,,912935,State Bank Of India,Bhilwara ( RAJATHAN 311 001 ),7500,03022022,NAKODA TRADING CO.,NM ON SL,,,
D,220204001U9F,T,D,7500,05022022,04022022,LCT,Bhilwara ( RAJATHAN 311 001 ),BHIL $BHILWARA017,03022022,61195337,03022022,7500,1,,,912935,State Bank Of India,Bhilwara ( RAJATHAN 311 001 ),7500,03022022,NAKODA TRADING CO.,NM ON SL,,,F009-INSUFFICIENT FUNDS
D,220204001U9I,T,C,321597,05022022,04022022,LCT,Bhilwara ( RAJATHAN 311 001 ),BHIL $BHILWARA017,03022022,61195332,03022022,321597,1,,,873510,Punjab National Bank,Bhilwara ( RAJATHAN 311 001 ),321597,31012022,MEWAR MINING CONTRACTORS,NM ON SL,,,
D,220204001U9J,T,D,321597,05022022,04022022,LCT,Bhilwara ( RAJATHAN 311 001 ),BHIL $BHILWARA017,03022022,61195332,03022022,321597,1,,,873510,Punjab National Bank,Bhilwara ( RAJATHAN 311 001 ),321597,31012022,MEWAR MINING CONTRACTORS,NM ON SL,,,F009-INSUFFICIENT FUNDS
D,2202040021UO,T,C,32219,05022022,04022022,LCT,Ludhiana,LUD $ LUDHIANA0024,03022022,62193523,03022022,3069124,5,,,804966,Punjab National Bank,Ludhiana,32219,31012022,RAJEEV KUMAR,XOHELIN00002162318,,,
D,2202040021UP,T,D,32219,05022022,04022022,LCT,Ludhiana,LUD $ LUDHIANA0024,03022022,62193523,03022022,3069124,5,,,804966,Punjab National Bank,Ludhiana,32219,31012022,RAJEEV KUMAR,XOHELIN00002162318,,,F009-INSUFFICIENT FUNDS
D,2202040029WI,T,C,15889,05022022,04022022,LCT,Udaipur- ( For NON-Micr XUDA code),UDA,03022022,60379174,03022022,15889,1,,,097004,AXIS BANK LTD,Udaipur- ( For NON-Micr XUDA code),15889,31012022,PRAKASH PALIWAL,NOT AVAILABLE ON CHQ,,,
D,2202040029WJ,T,D,15889,05022022,04022022,LCT,Udaipur- ( For NON-Micr XUDA code),UDA,03022022,60379174,03022022,15889,1,,,097004,AXIS BANK LTD,Udaipur- ( For NON-Micr XUDA code),15889,31012022,PRAKASH PALIWAL,NOT AVAILABLE ON CHQ,,,F009-INSUFFICIENT FUNDS
D,2202040029WM,T,C,55165,05022022,04022022,LCT,Udaipur- ( For NON-Micr XUDA code),UDA,03022022,60379168,03022022,55165,1,,,146178,Bank of Maharashtra,Udaipur- ( For NON-Micr XUDA code),55165,31012022,NOT AVAILABLE ON CHQ,NOT AVAILABLE ON CHQ,,,
D,2202040029WN,T,D,55165,05022022,04022022,LCT,Udaipur- ( For NON-Micr XUDA code),UDA,03022022,60379168,03022022,55165,1,,,146178,Bank of Maharashtra,Udaipur- ( For NON-Micr XUDA code),55165,31012022,NOT AVAILABLE ON CHQ,NOT AVAILABLE ON CHQ,,,F009-INSUFFICIENT FUNDS
D,2202040029WQ,T,C,22089,05022022,04022022,LCT,Udaipur- ( For NON-Micr XUDA code),UDA,03022022,60379167,03022022,22089,1,,,146179,Bank of Maharashtra,Udaipur- ( For NON-Micr XUDA code),22089,31012022,NOT AVAILABLE ON CHQ,NOT AVAILABLE ON CHQ,,,
D,2202040029WR,T,D,22089,05022022,04022022,LCT,Udaipur- ( For NON-Micr XUDA code),UDA,03022022,60379167,03022022,22089,1,,,146179,Bank of Maharashtra,Udaipur- ( For NON-Micr XUDA code),22089,31012022,NOT AVAILABLE ON CHQ,NOT AVAILABLE ON CHQ,,,F009-INSUFFICIENT FUNDS
D,220204002RAM,T,C,24000,05022022,04022022,LCT,ERODE (ONLY MICR CHQS),ERO,03022022,55526914,03022022,24000,1,,,000197,Karur Vysya Bank Ltd,ERODE (ONLY MICR CHQS),24000,31012022,VIJAYAKUMAR D,NM,,,
D,220204002RAN,T,D,24000,05022022,04022022,LCT,ERODE (ONLY MICR CHQS),ERO,03022022,55526914,03022022,24000,1,,,000197,Karur Vysya Bank Ltd,ERODE (ONLY MICR CHQS),24000,31012022,VIJAYAKUMAR D,NM,,,F016-REFER TO DRAWER
D,220204002T5K,T,C,711041,05022022,04022022,LCT,Wardha ( NON BUCC BK) (442001) MAH,WARD,03022022,57615186,03022022,711041,1,,,313812,State Bank Of India,Wardha ( NON BUCC BK) (442001) MAH,711041,03022022,SHAILENDRA GUPTA,NOT MENTION ON SLIP,,,
D,220204002VMO,T,C,12000,05022022,04022022,LCT,Mumbai,MUMBAI,03022022,17806194,03022022,12000,1,,,173622,Central Bank of India,Mumbai,12000,30012022,RAVI YADAV,NM ON CHQ,,,
D,220204002VMP,T,D,12000,05022022,04022022,LCT,Mumbai,MUMBAI,03022022,17806194,03022022,12000,1,,,173622,Central Bank of India,Mumbai,12000,30012022,RAVI YADAV,NM ON CHQ,,,F009-INSUFFICIENT FUNDS
D,220204002VOY,T,C,27500,05022022,04022022,LCT,Mumbai,MUMBAI,03022022,17806195,03022022,37900,3,,,000971,ICICI BANK LTD,Mumbai,27500,31012022,KHANGARAM CHOUDHARY,NM ON CHQ,,,
D,220204002VOZ,T,D,27500,05022022,04022022,LCT,Mumbai,MUMBAI,03022022,17806195,03022022,37900,3,,,000971,ICICI BANK LTD,Mumbai,27500,31012022,KHANGARAM CHOUDHARY,NM ON CHQ,,,F009-INSUFFICIENT FUNDS
D,220204002VZK,T,C,25071,05022022,04022022,LCT,Mumbai,MUMBAI,03022022,063149225,03022022,418526,3,,,580278,CitiBank,Mumbai,25071,31012022,NEVILLE DEVILALWALLA,NM ON CHQ,,,
D,220204002VZL,T,D,25071,05022022,04022022,LCT,Mumbai,MUMBAI,03022022,063149225,03022022,418526,3,,,580278,CitiBank,Mumbai,25071,31012022,NEVILLE DEVILALWALLA,NM ON CHQ,,,F009-INSUFFICIENT FUNDS
D,220204002VZO,T,C,52931,05022022,04022022,LCT,Mumbai,MUMBAI,03022022,063149225,03022022,418526,3,,,580277,CitiBank,Mumbai,52931,31012022,NEVILLE DEVILALWALLA,NM ON CHQ,,,
D,220204002VZP,T,D,52931,05022022,04022022,LCT,Mumbai,MUMBAI,03022022,063149225,03022022,418526,3,,,580277,CitiBank,Mumbai,52931,31012022,NEVILLE DEVILALWALLA,NM ON CHQ,,,F009-INSUFFICIENT FUNDS
D,220204002YAO,T,C,33000,05022022,04022022,LCT,BHILLAI (NON JSK/KSS/SBI-MAROD SUPELA,BHIL1,03022022,62821467,03022022,1072082,5,,,212847,Union Bank of India,BHILLAI (NON JSK/KSS/SBI-MAROD SUPELA,33000,31012022,LAXMAN SAHU,NP,,,
D,220204002YAP,T,D,33000,05022022,04022022,LCT,BHILLAI (NON JSK/KSS/SBI-MAROD SUPELA,BHIL1,03022022,62821467,03022022,1072082,5,,,212847,Union Bank of India,BHILLAI (NON JSK/KSS/SBI-MAROD SUPELA,33000,31012022,LAXMAN SAHU,NP,,,F009-INSUFFICIENT FUNDS
D,220204002YAW,T,C,323000,05022022,04022022,LCT,BHILLAI (NON JSK/KSS/SBI-MAROD SUPELA,BHIL1,03022022,62821468,03022022,323000,1,,,116147,Indian Bank,BHILLAI (NON JSK/KSS/SBI-MAROD SUPELA,323000,31012022,PAWAN SINHA,NP,,,
D,220204002YAX,T,D,323000,05022022,04022022,LCT,BHILLAI (NON JSK/KSS/SBI-MAROD SUPELA,BHIL1,03022022,62821468,03022022,323000,1,,,116147,Indian Bank,BHILLAI (NON JSK/KSS/SBI-MAROD SUPELA,323000,31012022,PAWAN SINHA,NP,,,F016-REFER TO DRAWER
D,220204002YB0,T,C,182000,05022022,04022022,LCT,BHILLAI (NON JSK/KSS/SBI-MAROD SUPELA,BHIL1,03022022,62821467,03022022,1072082,5,,,619837,Canara Bank,BHILLAI (NON JSK/KSS/SBI-MAROD SUPELA,182000,31012022,KAFEL ASHRAF,NP,,,
D,220204002YB1,T,D,182000,05022022,04022022,LCT,BHILLAI (NON JSK/KSS/SBI-MAROD SUPELA,BHIL1,03022022,62821467,03022022,1072082,5,,,619837,Canara Bank,BHILLAI (NON JSK/KSS/SBI-MAROD SUPELA,182000,31012022,KAFEL ASHRAF,NP,,,F009-INSUFFICIENT FUNDS
D,220204002YB4,T,C,367000,05022022,04022022,LCT,BHILLAI (NON JSK/KSS/SBI-MAROD SUPELA,BHIL1,03022022,62821467,03022022,1072082,5,,,122020,Indian Bank,BHILLAI (NON JSK/KSS/SBI-MAROD SUPELA,367000,31012022,PAWAN SINHA,NP,,,
D,220204002YB5,T,D,367000,05022022,04022022,LCT,BHILLAI (NON JSK/KSS/SBI-MAROD SUPELA,BHIL1,03022022,62821467,03022022,1072082,5,,,122020,Indian Bank,BHILLAI (NON JSK/KSS/SBI-MAROD SUPELA,367000,31012022,PAWAN SINHA,NP,,,F016-REFER TO DRAWER
D,220204002YB8,T,C,103000,05022022,04022022,LCT,BHILLAI (NON JSK/KSS/SBI-MAROD SUPELA,BHIL1,03022022,62821467,03022022,1072082,5,,,081170,AXIS BANK LTD,BHILLAI (NON JSK/KSS/SBI-MAROD SUPELA,103000,31012022,RAJEEV BAJPAI,NP,,,
D,220204002YB9,T,D,103000,05022022,04022022,LCT,BHILLAI (NON JSK/KSS/SBI-MAROD SUPELA,BHIL1,03022022,62821467,03022022,1072082,5,,,081170,AXIS BANK LTD,BHILLAI (NON JSK/KSS/SBI-MAROD SUPELA,103000,31012022,RAJEEV BAJPAI,NP,,,F009-INSUFFICIENT FUNDS
D,220204002YBC,T,C,387082,05022022,04022022,LCT,BHILLAI (NON JSK/KSS/SBI-MAROD SUPELA,BHIL1,03022022,62821467,03022022,1072082,5,,,121936,Indian Bank,BHILLAI (NON JSK/KSS/SBI-MAROD SUPELA,387082,31012022,PAWAN SINHA,NP,,,
D,220204002YBD,T,D,387082,05022022,04022022,LCT,BHILLAI (NON JSK/KSS/SBI-MAROD SUPELA,BHIL1,03022022,62821467,03022022,1072082,5,,,121936,Indian Bank,BHILLAI (NON JSK/KSS/SBI-MAROD SUPELA,387082,31012022,PAWAN SINHA,NP,,,F016-REFER TO DRAWER
D,220204002ZJA,T,C,126524,05022022,04022022,LCT,Hyderabad Telangana,AMEERPET$HYDCHOM001,02022022,063017213,03022022,473804,5,,,829150,State Bank Of India,Hyderabad Telangana,126524,31012022,JALA JAYA SRI,00000000,,,
D,220204002ZJB,T,D,126524,05022022,04022022,LCT,Hyderabad Telangana,AMEERPET$HYDCHOM001,02022022,063017213,03022022,473804,5,,,829150,State Bank Of India,Hyderabad Telangana,126524,31012022,JALA JAYA SRI,00000000,,,F009-INSUFFICIENT FUNDS
D,220204002ZJE,T,C,111983,05022022,04022022,LCT,Hyderabad Telangana,AMEERPET$HYDCHOM001,02022022,063017213,03022022,473804,5,,,539782,State Bank Of India,Hyderabad Telangana,111983,31012022,V ASHOK KUMAR,000000,,,
D,220204002ZJF,T,D,111983,05022022,04022022,LCT,Hyderabad Telangana,AMEERPET$HYDCHOM001,02022022,063017213,03022022,473804,5,,,539782,State Bank Of India,Hyderabad Telangana,111983,31012022,V ASHOK KUMAR,000000,,,F009-INSUFFICIENT FUNDS
D,220204002ZJI,T,C,124331,05022022,04022022,LCT,Hyderabad Telangana,AMEERPET$HYDCHOM001,02022022,063017213,03022022,473804,5,,,000138,The Adarsh Co-op Urban Bank,Hyderabad Telangana,124331,31012022,MAHALAXMI ELECTRICALS,0000000,,,
D,220204002ZJJ,T,D,124331,05022022,04022022,LCT,Hyderabad Telangana,AMEERPET$HYDCHOM001,02022022,063017213,03022022,473804,5,,,000138,The Adarsh Co-op Urban Bank,Hyderabad Telangana,124331,31012022,MAHALAXMI ELECTRICALS,0000000,,,F009-INSUFFICIENT FUNDS
D,220204002ZKI,T,C,147840,05022022,04022022,LCT,Hyderabad Telangana,AMEERPET$HYDCHOM001,02022022,063017216,03022022,214640,2,,,016377,The South Indian Bank Ltd.,Hyderabad Telangana,147840,31012022,SRINIVAS GOUD B,0000000,,,
D,220204002ZKJ,T,D,147840,05022022,04022022,LCT,Hyderabad Telangana,AMEERPET$HYDCHOM001,02022022,063017216,03022022,214640,2,,,016377,The South Indian Bank Ltd.,Hyderabad Telangana,147840,31012022,SRINIVAS GOUD B,0000000,,,F009-INSUFFICIENT FUNDS
D,220204002ZKM,T,C,210000,05022022,04022022,LCT,Hyderabad Telangana,AMEERPET$HYDCHOM001,02022022,063017215,03022022,459213,5,,,000139,The Adarsh Co-op Urban Bank,Hyderabad Telangana,210000,31012022,MAHALAXMI ELECTRICALS,000000000,,,
D,220204002ZKN,T,D,210000,05022022,04022022,LCT,Hyderabad Telangana,AMEERPET$HYDCHOM001,02022022,063017215,03022022,459213,5,,,000139,The Adarsh Co-op Urban Bank,Hyderabad Telangana,210000,31012022,MAHALAXMI ELECTRICALS,000000000,,,F009-INSUFFICIENT FUNDS
D,220204002ZKQ,T,C,124213,05022022,04022022,LCT,Hyderabad Telangana,AMEERPET$HYDCHOM001,02022022,063017215,03022022,459213,5,,,539781,State Bank Of India,Hyderabad Telangana,124213,31012022,V  ASHOK KUMAR,00000000,,,
D,220204002ZKR,T,D,124213,05022022,04022022,LCT,Hyderabad Telangana,AMEERPET$HYDCHOM001,02022022,063017215,03022022,459213,5,,,539781,State Bank Of India,Hyderabad Telangana,124213,31012022,V  ASHOK KUMAR,00000000,,,F009-INSUFFICIENT FUNDS
D,220204002ZKU,T,C,21124,05022022,04022022,LCT,Hyderabad Telangana,AMEERPET$HYDCHOM001,02022022,063017214,03022022,118456,3,,,153670,IDBI Bank Ltd,Hyderabad Telangana,21124,31012022,CHANDANA LABS,00000,,,
D,220204002ZKV,T,D,21124,05022022,04022022,LCT,Hyderabad Telangana,AMEERPET$HYDCHOM001,02022022,063017214,03022022,118456,3,,,153670,IDBI Bank Ltd,Hyderabad Telangana,21124,31012022,CHANDANA LABS,00000,,,F009-INSUFFICIENT FUNDS
D,2202040032EY,T,C,88700,05022022,04022022,LCT,Raipur,RAIP,03022022,063532698,03022022,88700,1,,,55,Bank of Baroda,Raipur,88700,31012022,ABHISHEK,NM,,,
D,2202040032EZ,T,D,88700,05022022,04022022,LCT,Raipur,RAIP,03022022,063532698,03022022,88700,1,,,55,Bank of Baroda,Raipur,88700,31012022,ABHISHEK,NM,,,F009-INSUFFICIENT FUNDS
D,22020400335W,T,C,82700,05022022,04022022,LCT,PUNE (NON JCBK BK & ONLY MICR CHQ) MAH,PUN,03022022,62470792,03022022,82700,1,,,000803,ICICI BANK LTD,PUNE (NON JCBK BK & ONLY MICR CHQ) MAH,82700,31012022,NATH ENTERPRISES,NACHQ,,,
D,22020400335X,T,D,82700,05022022,04022022,LCT,PUNE (NON JCBK BK & ONLY MICR CHQ) MAH,PUN,03022022,62470792,03022022,82700,1,,,000803,ICICI BANK LTD,PUNE (NON JCBK BK & ONLY MICR CHQ) MAH,82700,31012022,NATH ENTERPRISES,NACHQ,,,F009-INSUFFICIENT FUNDS
D,2202040039XM,T,C,139100,05022022,04022022,LCT,BANGALORE,BAN,03022022,063899963,03022022,20898150,30,,,048590,AXIS BANK LTD,BANGALORE,139100,28012022,PRAVEEN KUMAR B R,0,,,
D,2202040039XN,T,D,139100,05022022,04022022,LCT,BANGALORE,BAN,03022022,063899963,03022022,20898150,30,,,048590,AXIS BANK LTD,BANGALORE,139100,28012022,PRAVEEN KUMAR B R,0,,,F009-INSUFFICIENT FUNDS
D,2202040039XQ,T,C,58508,05022022,04022022,LCT,BANGALORE,BAN,03022022,063899963,03022022,20898150,30,,,000296,ICICI BANK LTD,BANGALORE,58508,31012022,MANOJ KUMAR CHUNDAKANDY,0,,,
D,2202040039XR,T,D,58508,05022022,04022022,LCT,BANGALORE,BAN,03022022,063899963,03022022,20898150,30,,,000296,ICICI BANK LTD,BANGALORE,58508,31012022,MANOJ KUMAR CHUNDAKANDY,0,,,F009-INSUFFICIENT FUNDS
D,2202040039XU,T,C,75000,05022022,04022022,LCT,BANGALORE,BAN,03022022,063899963,03022022,20898150,30,,,001852,Union Bank of India,BANGALORE,75000,31012022,SHIVAPARAVATHI ENTERPRISES,0,,,
D,2202040039XV,T,D,75000,05022022,04022022,LCT,BANGALORE,BAN,03022022,063899963,03022022,20898150,30,,,001852,Union Bank of India,BANGALORE,75000,31012022,SHIVAPARAVATHI ENTERPRISES,0,,,F009-INSUFFICIENT FUNDS
D,2202040039XY,T,C,103000,05022022,04022022,LCT,BANGALORE,BAN,03022022,063899963,03022022,20898150,30,,,000026,Bank of Baroda,BANGALORE,103000,31012022,HARESH N PATEL,0,,,
D,2202040039XZ,T,D,103000,05022022,04022022,LCT,BANGALORE,BAN,03022022,063899963,03022022,20898150,30,,,000026,Bank of Baroda,BANGALORE,103000,31012022,HARESH N PATEL,0,,,F009-INSUFFICIENT FUNDS
D,2202040039Y2,T,C,51232,05022022,04022022,LCT,BANGALORE,BAN,03022022,063899963,03022022,20898150,30,,,512805,Canara Bank,BANGALORE,51232,31012022,A K FURANCE,0,,,
D,2202040039Y3,T,D,51232,05022022,04022022,LCT,BANGALORE,BAN,03022022,063899963,03022022,20898150,30,,,512805,Canara Bank,BANGALORE,51232,31012022,A K FURANCE,0,,,F009-INSUFFICIENT FUNDS
D,2202040039Y6,T,C,47825,05022022,04022022,LCT,BANGALORE,BAN,03022022,063899963,03022022,20898150,30,,,874796,Karnataka Bank Ltd,BANGALORE,47825,31012022,NAONCHQ,0,,,
D,2202040039Y7,T,D,47825,05022022,04022022,LCT,BANGALORE,BAN,03022022,063899963,03022022,20898150,30,,,874796,Karnataka Bank Ltd,BANGALORE,47825,31012022,NAONCHQ,0,,,F026-Kindly contact Drawer Drawee Bank and please present again ( CTS)
D,2202040039YA,T,C,75000,05022022,04022022,LCT,BANGALORE,BAN,03022022,063899963,03022022,20898150,30,,,915316,State Bank Of India,BANGALORE,75000,31012022,MADHU R,0,,,
D,2202040039YB,T,D,75000,05022022,04022022,LCT,BANGALORE,BAN,03022022,063899963,03022022,20898150,30,,,915316,State Bank Of India,BANGALORE,75000,31012022,MADHU R,0,,,F009-INSUFFICIENT FUNDS
D,2202040039YE,T,C,150010,05022022,04022022,LCT,BANGALORE,BAN,03022022,063899963,03022022,20898150,30,,,000055,KOTAK MAHINDRA BANK,BANGALORE,150010,31012022,GNANESHWAR JAYARAJ,0,,,
D,2202040039YF,T,D,150010,05022022,04022022,LCT,BANGALORE,BAN,03022022,063899963,03022022,20898150,30,,,000055,KOTAK MAHINDRA BANK,BANGALORE,150010,31012022,GNANESHWAR JAYARAJ,0,,,F009-INSUFFICIENT FUNDS
D,2202040039YI,T,C,84000,05022022,04022022,LCT,BANGALORE,BAN,03022022,063899963,03022022,20898150,30,,,836351,State Bank Of India,BANGALORE,84000,31012022,S CHANDRASHEKAR RAJU,0,,,
D,2202040039YJ,T,D,84000,05022022,04022022,LCT,BANGALORE,BAN,03022022,063899963,03022022,20898150,30,,,836351,State Bank Of India,BANGALORE,84000,31012022,S CHANDRASHEKAR RAJU,0,,,F009-INSUFFICIENT FUNDS
D,2202040039YM,T,C,145250,05022022,04022022,LCT,BANGALORE,BAN,03022022,063899963,03022022,20898150,30,,,660183,State Bank Of India,BANGALORE,145250,31012022,AKASHAY H G,0,,,
D,2202040039YN,T,D,145250,05022022,04022022,LCT,BANGALORE,BAN,03022022,063899963,03022022,20898150,30,,,660183,State Bank Of India,BANGALORE,145250,31012022,AKASHAY H G,0,,,F009-INSUFFICIENT FUNDS
D,2202040039YQ,T,C,99100,05022022,04022022,LCT,BANGALORE,BAN,03022022,063899963,03022022,20898150,30,,,639924,AXIS BANK LTD,BANGALORE,99100,31012022,DINESH KUMAR,0,,,
D,2202040039YR,T,D,99100,05022022,04022022,LCT,BANGALORE,BAN,03022022,063899963,03022022,20898150,30,,,639924,AXIS BANK LTD,BANGALORE,99100,31012022,DINESH KUMAR,0,,,F009-INSUFFICIENT FUNDS
D,2202040039YU,T,C,217000,05022022,04022022,LCT,BANGALORE,BAN,03022022,063899963,03022022,20898150,30,,,554024,IDBI Bank Ltd,BANGALORE,217000,31012022,A N SHASHIKUMAR,0,,,
D,2202040039YV,T,D,217000,05022022,04022022,LCT,BANGALORE,BAN,03022022,063899963,03022022,20898150,30,,,554024,IDBI Bank Ltd,BANGALORE,217000,31012022,A N SHASHIKUMAR,0,,,F009-INSUFFICIENT FUNDS
D,2202040039YY,T,C,83100,05022022,04022022,LCT,BANGALORE,BAN,03022022,063899963,03022022,20898150,30,,,000009,KOTAK MAHINDRA BANK,BANGALORE,83100,31012022,MOHAMMED AFROZ YUNUS MOONDA,0,,,
D,2202040039YZ,T,D,83100,05022022,04022022,LCT,BANGALORE,BAN,03022022,063899963,03022022,20898150,30,,,000009,KOTAK MAHINDRA BANK,BANGALORE,83100,31012022,MOHAMMED AFROZ YUNUS MOONDA,0,,,T029-DRAWERS SIGN DIFFERS FROM SPECIMEN
D,2202040039Z2,T,C,78400,05022022,04022022,LCT,BANGALORE,BAN,03022022,063899963,03022022,20898150,30,,,989022,Karnataka Bank Ltd,BANGALORE,78400,31012022,NAONCHQ,0,,,
D,2202040039Z3,T,D,78400,05022022,04022022,LCT,BANGALORE,BAN,03022022,063899963,03022022,20898150,30,,,989022,Karnataka Bank Ltd,BANGALORE,78400,31012022,NAONCHQ,0,,,F009-INSUFFICIENT FUNDS
D,2202040039Z6,T,C,60000,05022022,04022022,LCT,BANGALORE,BAN,03022022,063899963,03022022,20898150,30,,,001404,Karur Vysya Bank Ltd,BANGALORE,60000,31012022,GAYATHRI SAW MILL,0,,,
D,2202040039Z7,T,D,60000,05022022,04022022,LCT,BANGALORE,BAN,03022022,063899963,03022022,20898150,30,,,001404,Karur Vysya Bank Ltd,BANGALORE,60000,31012022,GAYATHRI SAW MILL,0,,,F006-EXCEEDS ARRANGEMENT
D,2202040039ZA,T,C,152255,05022022,04022022,LCT,BANGALORE,BAN,03022022,063899963,03022022,20898150,30,,,398079,State Bank Of India,BANGALORE,152255,31012022,RAMAKRISHNA A,0,,,
D,2202040039ZB,T,D,152255,05022022,04022022,LCT,BANGALORE,BAN,03022022,063899963,03022022,20898150,30,,,398079,State Bank Of India,BANGALORE,152255,31012022,RAMAKRISHNA A,0,,,F009-INSUFFICIENT FUNDS
D,2202040039ZE,T,C,38000,05022022,04022022,LCT,BANGALORE,BAN,03022022,063899963,03022022,20898150,30,,,001520,ICICI BANK LTD,BANGALORE,38000,31012022,N SUBRAMANI,0,,,
D,2202040039ZF,T,D,38000,05022022,04022022,LCT,BANGALORE,BAN,03022022,063899963,03022022,20898150,30,,,001520,ICICI BANK LTD,BANGALORE,38000,31012022,N SUBRAMANI,0,,,F009-INSUFFICIENT FUNDS
D,220204003IGW,T,C,34737,05022022,04022022,LCT,TRIVANDRUM ( MICR CHQ ONLY ) KERALA,TRIV,02022022,60146394,02022022,34737,1,,,9,Bank of Baroda,TRIVANDRUM ( MICR CHQ ONLY ) KERALA,34737,31012022,RAJANI S,000009,,,
D,220204003IGX,T,D,34737,05022022,04022022,LCT,TRIVANDRUM ( MICR CHQ ONLY ) KERALA,TRIV,02022022,60146394,02022022,34737,1,,,9,Bank of Baroda,TRIVANDRUM ( MICR CHQ ONLY ) KERALA,34737,31012022,RAJANI S,000009,,,F009-INSUFFICIENT FUNDS
D,220204003IH0,T,C,12304,05022022,04022022,LCT,TRIVANDRUM ( MICR CHQ ONLY ) KERALA,TRIV,02022022,60146393,02022022,230802,4,,,3,ESAF SMALL FINANCE BANK,TRIVANDRUM ( MICR CHQ ONLY ) KERALA,12304,31012022,NANDHU M T,3,,,
D,220204003IH1,T,D,12304,05022022,04022022,LCT,TRIVANDRUM ( MICR CHQ ONLY ) KERALA,TRIV,02022022,60146393,02022022,230802,4,,,3,ESAF SMALL FINANCE BANK,TRIVANDRUM ( MICR CHQ ONLY ) KERALA,12304,31012022,NANDHU M T,3,,,F026-Kindly contact Drawer Drawee Bank and please present again ( CTS)
D,220204003IH4,T,C,67600,05022022,04022022,LCT,TRIVANDRUM ( MICR CHQ ONLY ) KERALA,TRIV,02022022,60146393,02022022,230802,4,,,947926,State Bank Of India,TRIVANDRUM ( MICR CHQ ONLY ) KERALA,67600,31012022,SUBHASITHAN S,947926,,,
D,220204003IH5,T,D,67600,05022022,04022022,LCT,TRIVANDRUM ( MICR CHQ ONLY ) KERALA,TRIV,02022022,60146393,02022022,230802,4,,,947926,State Bank Of India,TRIVANDRUM ( MICR CHQ ONLY ) KERALA,67600,31012022,SUBHASITHAN S,947926,,,F009-INSUFFICIENT FUNDS
D,220204003IH8,T,C,58823,05022022,04022022,LCT,TRIVANDRUM ( MICR CHQ ONLY ) KERALA,TRIV,02022022,60146393,02022022,230802,4,,,98660,Indian Bank,TRIVANDRUM ( MICR CHQ ONLY ) KERALA,58823,31012022,SAJIN JAYADAS S J,98660,,,
D,220204003IH9,T,D,58823,05022022,04022022,LCT,TRIVANDRUM ( MICR CHQ ONLY ) KERALA,TRIV,02022022,60146393,02022022,230802,4,,,98660,Indian Bank,TRIVANDRUM ( MICR CHQ ONLY ) KERALA,58823,31012022,SAJIN JAYADAS S J,98660,,,F009-INSUFFICIENT FUNDS
D,220204003S1M,T,C,53541,07022022,04022022,LCT,Calcutta,CAL,03022022,63660435,03022022,53541,1,,,002943,BANDHAN BANK,Calcutta,53541,31012022,M KHEM,NOT GIVEN,,,
D,220204003WH6,T,C,590,05022022,04022022,LCT,AMRAVATI MAHARASHTRA 444 601,AMRA,03022022,63568131,03022022,590,1,,,112027,Union Bank of India,AMRAVATI MAHARASHTRA 444 601,590,02022022,LAXMIKANT LADDHA,XOHEAVI00002358745,,,
D,220204003WH8,T,C,590,05022022,04022022,LCT,AMRAVATI MAHARASHTRA 444 601,AMRA,03022022,63568133,03022022,590,1,,,112033,Union Bank of India,AMRAVATI MAHARASHTRA 444 601,590,02022022,LAXMIKANT LADDHA,HEOZAVI00000003724,,,
D,220204003WHA,T,C,590,05022022,04022022,LCT,AMRAVATI MAHARASHTRA 444 601,AMRA,03022022,63568132,03022022,590,1,,,112028,Union Bank of India,AMRAVATI MAHARASHTRA 444 601,590,02022022,LAXMIKANT LADDHA,XOHEAVI00002358748,,,
D,220204004638,T,C,17600,05022022,04022022,LCT,Coimbatore (Only MICR Chq),COI,03022022,064316505,03022022,17600,1,,,006626,Union Bank of India,Coimbatore (Only MICR Chq),17600,31012022,PADMAVATHY A,NM ON SLIP,,,
D,22020400463A,T,C,52776,05022022,04022022,LCT,Coimbatore (Only MICR Chq),COI,03022022,064316504,03022022,52776,1,,,545261,The South Indian Bank Ltd.,Coimbatore (Only MICR Chq),52776,31012022,RADHIKA G,NM ON SLIP,,,
D,22020400463C,T,C,20000,05022022,04022022,LCT,Coimbatore (Only MICR Chq),COI,03022022,064316508,03022022,20000,1,,,014340,The South Indian Bank Ltd.,Coimbatore (Only MICR Chq),20000,31012022,SHASHI KUMAR,NM ON SLIP,,,
D,22020400463G,T,C,287900,05022022,04022022,LCT,Coimbatore (Only MICR Chq),COI,03022022,064316507,03022022,287900,1,,,004807,Union Bank of India,Coimbatore (Only MICR Chq),287900,31012022,INNATO ENTERPRISES,NM ON SLIP,,,
D,220204004CP4,T,C,80000,05022022,04022022,LCT,Bhilwara ( RAJATHAN 311 001 ),BHIL $BHILWARA017,03022022,61195333,03022022,80000,1,,,48169,ICICI BANK LTD,Bhilwara ( RAJATHAN 311 001 ),80000,31012022,MAN SINGH NAHAR,NM ON SL,,,
D,220204004GNK,T,C,67000,05022022,04022022,LCT,Alwar - 301 001,ALW,03022022,60360668,03022022,12357000,4,,,430288,Punjab National Bank,Alwar - 301 001,67000,02022022,NA,NA,,,
D,220204004GNM,T,C,2090000,05022022,04022022,LCT,Alwar - 301 001,ALW,03022022,60360668,03022022,12357000,4,,,537068,AXIS BANK LTD,Alwar - 301 001,2090000,01022022,AXIS FIN LTD RETAIL,X0HEALW00004173942,,,
D,220204004GNO,T,C,1500000,05022022,04022022,LCT,Alwar - 301 001,ALW,03022022,60360668,03022022,12357000,4,,,537066,AXIS BANK LTD,Alwar - 301 001,1500000,01022022,AXIS FIN LTD RETAIL,HE02ALW00000002426,,,
D,220204004GNQ,T,C,8700000,05022022,04022022,LCT,Alwar - 301 001,ALW,03022022,60360668,03022022,12357000,4,,,537067,AXIS BANK LTD,Alwar - 301 001,8700000,01022022,AXIS FIN LTD RETAIL,X0HEALW00003297032,,,
D,220204004J1O,T,C,32742,05022022,04022022,LCT,Jaipur,NSR - NEW SANAGANER ROAD,03022022,59127678,03022022,32742,1,,,184292,Central Bank of India,Jaipur,32742,31012022,SAGAR COLLECTION,NONCHQ,,,
D,220204004J1S,T,C,44200,05022022,04022022,LCT,Jaipur,NSR - NEW SANAGANER ROAD,03022022,59127691,03022022,130157,2,,,101831,ICICI BANK LTD,Jaipur,44200,31012022,KRISHNA AGARWAL,NMONCHQ,,,
D,220204004J1U,T,C,85957,05022022,04022022,LCT,Jaipur,NSR - NEW SANAGANER ROAD,03022022,59127691,03022022,130157,2,,,11377,ICICI BANK LTD,Jaipur,85957,31012022,JUGAL KISHORE AGRAWAL,NMONCHQ,,,
D,220204004J1W,T,C,394545,05022022,04022022,LCT,Jaipur,NSR - NEW SANAGANER ROAD,03022022,59127683,03022022,394545,1,,,492667,Canara Bank,Jaipur,394545,31012022,SAROJ DEVI MOSUN,NM ON CHQ,,,
D,220204004J1Y,T,C,77535,05022022,04022022,LCT,Jaipur,NSR - NEW SANAGANER ROAD,03022022,59127677,03022022,77535,1,,,313729,State Bank Of India,Jaipur,77535,29012022,VIKAS OVERSEAS MINERALS,NMONCHQ,,,
D,220204004X2C,T,C,55100,05022022,04022022,LCT,CHENNAI,MAD$CHECHON001,02022022,064218026,02022022,199600,3,,,907123,Indian Overseas Bank,CHENNAI,55100,31012022,SOORYA ENTERPRISES,XOHECHE2471829,,,
D,220204004X3E,T,C,215055,05022022,04022022,LCT,CHENNAI,MAD$CHECHON001,03022022,64218031,02022022,432780,4,,,962626,Indian Overseas Bank,CHENNAI,215055,31012022,RRV INDUSTRIES,NOT AVAILBLE ON CHQ,,,
D,220204004X3I,T,C,142030,05022022,04022022,LCT,CHENNAI,MAD$CHECHON001,03022022,2854992,03022022,529346,8,,,000014,City Union Bank Ltd,CHENNAI,142030,31012022,KUMARAN,142030,,,
D,220204004X4C,T,C,36884,05022022,04022022,LCT,CHENNAI,MAD$CHECHON001,03022022,2854992,03022022,529346,8,,,258372,Indian Bank,CHENNAI,36884,31012022,INDIAN BANK,NOT AVAILABLE,,,
D,2202040054RS,T,C,5632,05022022,04022022,LCT,AGRA (FOR MICR CHQ ONLY),AGR$AGRCHOS002,03022022,063746351,03022022,5632,1,,,209373,Canara Bank,AGRA (FOR MICR CHQ ONLY),5632,02022022,BASDEV,0,,,
D,220204005CP0,T,C,590,05022022,04022022,LCT,Salem (ONLY FOR MICR CHQ),SAL,03022022,064214494,03022022,590,1,,,309782,Indian Overseas Bank,Salem (ONLY FOR MICR CHQ),590,21012022,MANIKANDAN S,NAONCHQ,,,
D,220204005D9U,T,C,45875,05022022,04022022,LCT,PUNE (NON JCBK BK & ONLY MICR CHQ) MAH,PUN,03022022,62470791,03022022,45875,1,,,028278,State Bank Of India,PUNE (NON JCBK BK & ONLY MICR CHQ) MAH,45875,31012022,TAHER ZOHAR POONAWALA,NACHQ,,,
D,220204005D9W,T,C,20000,05022022,04022022,LCT,PUNE (NON JCBK BK & ONLY MICR CHQ) MAH,PUN,03022022,62470788,03022022,20000,1,,,122335,Janseva Sahakari Bank Ltd Pune,PUNE (NON JCBK BK & ONLY MICR CHQ) MAH,20000,31012022,CHITNIS SAYALI VISHVDATT,NACHQ,,,
D,220204005D9Y,T,C,200000,05022022,04022022,LCT,PUNE (NON JCBK BK & ONLY MICR CHQ) MAH,PUN,03022022,62470727,03022022,200000,1,,,071903,CitiBank,PUNE (NON JCBK BK & ONLY MICR CHQ) MAH,200000,02022022,NECTAR INFOTEL SOLUTIONS PVT LTD,NAONDEP,,,
D,220204005IPQ,T,C,24000,05022022,04022022,LCT,Rajamundry,RAJ,03022022,58202432,03022022,24000,1,,,775581,IDBI Bank Ltd,Rajamundry,24000,29012022,SARNIDIRAJU,NOT AVAILABLE ONSLIP,,,
D,220204005IPS,T,C,29000,05022022,04022022,LCT,Rajamundry,RAJ,03022022,58202431,03022022,29000,1,,,775537,IDBI Bank Ltd,Rajamundry,29000,24012022,K TALUPULAYYA,NOT AVAILABLE ONSLIP,,,
D,220204005L63,T,C,5000,05022022,04022022,LCT,TRICHY (NON TDCCB BK) TN 620 018,TRI,03022022,62242169,03022022,30030,2,,,772441,State Bank Of India,TRICHY (NON TDCCB BK) TN 620 018,5000,02022022,NA,NMM IN CHALLAN,,,
D,220204005L64,T,C,25030,05022022,04022022,LCT,TRICHY (NON TDCCB BK) TN 620 018,TRI,03022022,62242169,03022022,30030,2,,,017531,Karur Vysya Bank Ltd,TRICHY (NON TDCCB BK) TN 620 018,25030,02022022,NA,NMM IN CHALLAN,,,
D,220204005OKI,T,C,92075,05022022,04022022,LCT,TRIVANDRUM ( MICR CHQ ONLY ) KERALA,TRIV,02022022,60146393,02022022,230802,4,,,35793,State Bank Of India,TRIVANDRUM ( MICR CHQ ONLY ) KERALA,92075,31012022,SREENATH R,35793,,,
D,22020400680C,T,C,340524,05022022,04022022,LCT,Mumbai,MUMBAI,03022022,063149225,03022022,418526,3,,,012211,ICICI BANK LTD,Mumbai,340524,31012022,VILLIE BAMBOAT,NM ON CHQ,,,
D,2202040068M0,T,C,10000,05022022,04022022,LCT,Mumbai,MUMBAI,03022022,17806196,03022022,151750,3,,,503895,AXIS BANK LTD,Mumbai,10000,27012022,MANGESH V PATIL,NM ON CHQ,,,
D,2202040068M1,T,C,16750,05022022,04022022,LCT,Mumbai,MUMBAI,03022022,17806196,03022022,151750,3,,,056652,State Bank Of India,Mumbai,16750,31012022,PRANYUMNA SHRIVASTANA,NM ON CHQ,,,
D,2202040068M2,T,C,125000,05022022,04022022,LCT,Mumbai,MUMBAI,03022022,17806196,03022022,151750,3,,,022412,Union Bank of India,Mumbai,125000,31012022,SAPAN S,NM ON CHQ,,,
D,2202040068M5,T,C,5000,05022022,04022022,LCT,Mumbai,MUMBAI,03022022,17806195,03022022,37900,3,,,706873,YES BANK,Mumbai,5000,28012022,VARGISH PATIL,NM ON CHQ,,,
D,2202040068M6,T,C,5400,05022022,04022022,LCT,Mumbai,MUMBAI,03022022,17806195,03022022,37900,3,,,490218,AXIS BANK LTD,Mumbai,5400,30012022,SHABNAM SAYYED,NM ON CHQ,,,
D,2202040068MA,T,C,72000,05022022,04022022,LCT,Mumbai,MUMBAI,03022022,17806193,03022022,112000,3,,,000216,RBL BANK LTD/ The Ratnakar Bank Ltd,Mumbai,72000,31012022,INDERPAL SINGH,NM ON CHQ,,,
D,2202040068MB,T,C,10000,05022022,04022022,LCT,Mumbai,MUMBAI,03022022,17806193,03022022,112000,3,,,000320,Bank of Baroda,Mumbai,10000,29012022,SANJAY RAVANI,NM ON CHQ,,,
D,2202040068MC,T,C,30000,05022022,04022022,LCT,Mumbai,MUMBAI,03022022,17806193,03022022,112000,3,,,145753,the saraswat co-operative bank ltd,Mumbai,30000,30012022,RAFIQ KHAN,NM ON CHQ,,,
D,2202040068ME,T,C,60000,05022022,04022022,LCT,Mumbai,MUMBAI,03022022,063097597,03022022,60000,1,,,043861,Bharat Co-op Bank Ltd,Mumbai,60000,01022022,RAMZAO SHAIKH,NM ON CHQ,,,
D,220204006AJ2,T,C,23830,05022022,04022022,LCT,Mumbai,MUMBAI,03022022,57787746,03022022,23830,1,,,000044,Bombay Mercantile Co-op Bank Ltd,Mumbai,23830,31012022,KIRTESH JOSHI,NM ON CHQ,,,
D,220204006BN2,T,C,22101,05022022,04022022,LCT,Mumbai,MUMBAI,03022022,54995670,03022022,22101,1,,,510378,IndusInd Bank Ltd,Mumbai,22101,31012022,ASHOK GHELOT,NMONCHQ,,,
D,220204006ESA,T,C,36035,05022022,04022022,LCT,Mumbai,MUMBAI,03022022,54896264,03022022,36035,1,,,717182,State Bank Of India,Mumbai,36035,31012022,SANJAY WAGHMARE,NM ON CHQ,,,
D,220204006F76,T,C,112400,05022022,04022022,LCT,Mumbai,MUMBAI,03022022,57788572,03022022,112400,1,,,255451,Bharat Co-op Bank Ltd,Mumbai,112400,31012022,SHYAM BAHADUR SINGH,NM ON CHQ,,,
D,220204006F7A,T,C,10000,05022022,04022022,LCT,Mumbai,MUMBAI,03022022,57788573,03022022,10000,1,,,000038,RBL BANK LTD/ The Ratnakar Bank Ltd,Mumbai,10000,31012022,HEMA CHADDA,NM ON CHQ,,,
D,220204006KZF,T,C,85966,05022022,04022022,LCT,Hyderabad Telangana,AMEERPET$HYDCHOM001,02022022,063017213,03022022,473804,5,,,791083,State Bank Of India,Hyderabad Telangana,85966,31012022,K RAMMOHAN,00000000,,,
D,220204006KZG,T,C,25000,05022022,04022022,LCT,Hyderabad Telangana,AMEERPET$HYDCHOM001,02022022,063017213,03022022,473804,5,,,013197,Indian Bank,Hyderabad Telangana,25000,31012022,SHIVANI TRADERS,0000000,,,
D,220204006KZM,T,C,44500,05022022,04022022,LCT,Hyderabad Telangana,AMEERPET$HYDCHOM001,02022022,063017215,03022022,459213,5,,,000789,ICICI BANK LTD,Hyderabad Telangana,44500,31012022,J LAKSHMI VARAPRASAD,000000000,,,
D,220204006KZN,T,C,30500,05022022,04022022,LCT,Hyderabad Telangana,AMEERPET$HYDCHOM001,02022022,063017215,03022022,459213,5,,,000154,KOTAK MAHINDRA BANK,Hyderabad Telangana,30500,31012022,R KISHORE YADAV,00000000,,,
D,220204006KZO,T,C,50000,05022022,04022022,LCT,Hyderabad Telangana,AMEERPET$HYDCHOM001,02022022,063017215,03022022,459213,5,,,152599,AXIS BANK LTD,Hyderabad Telangana,50000,31012022,MOHAMMED FAISAL,00000000,,,
D,220204006KZU,T,C,180000,05022022,04022022,LCT,Hyderabad Telangana,AMEERPET$HYDCHOM001,02022022,063017217,03022022,272100,5,,,064379,ICICI BANK LTD,Hyderabad Telangana,180000,31012022,PAVAN KUMAR KOTAGIRI,0000000,,,
D,220204006KZV,T,C,23000,05022022,04022022,LCT,Hyderabad Telangana,AMEERPET$HYDCHOM001,02022022,063017217,03022022,272100,5,,,857870,Bank of Baroda,Hyderabad Telangana,23000,24012022,NA,000000000,,,
D,220204006KZW,T,C,8100,05022022,04022022,LCT,Hyderabad Telangana,AMEERPET$HYDCHOM001,02022022,063017217,03022022,272100,5,,,219016,Karnataka Bank Ltd,Hyderabad Telangana,8100,24012022,DD,0000000,,,
D,220204006KZX,T,C,25500,05022022,04022022,LCT,Hyderabad Telangana,AMEERPET$HYDCHOM001,02022022,063017217,03022022,272100,5,,,509931,The South Indian Bank Ltd.,Hyderabad Telangana,25500,01022022,DD,0000000,,,
D,220204006KZY,T,C,35500,05022022,04022022,LCT,Hyderabad Telangana,AMEERPET$HYDCHOM001,02022022,063017217,03022022,272100,5,,,501252,ICICI BANK LTD,Hyderabad Telangana,35500,31012022,DD,0000000,,,
D,220204006L7S,T,C,49220,05022022,04022022,LCT,Hyderabad Telangana,AMEERPET$HYDCHOM001,02022022,063017214,03022022,118456,3,,,102577,The Eenadu Co-op Urban Bank Ltd.,Hyderabad Telangana,49220,31012022,SARVAN KUMAR,00000,,,
D,220204006VNH,T,C,659657,05022022,04022022,LCT,JALANDHAR (RBS BK-CLG SUSP-PLS REJECT),JALA,03022022,063958784,03022022,2591557,2,,,036281,AXIS BANK LTD,JALANDHAR (RBS BK-CLG SUSP-PLS REJECT),659657,31012022,BALWINDER SINGH,NA ON CHQ,,,
D,220204006VNL,T,C,1931900,05022022,04022022,LCT,JALANDHAR (RBS BK-CLG SUSP-PLS REJECT),JALA,03022022,063958784,03022022,2591557,2,,,036280,AXIS BANK LTD,JALANDHAR (RBS BK-CLG SUSP-PLS REJECT),1931900,31012022,BALWINDER SINGH,NA ON CHQ,,,
D,220204006WEE,T,C,16094,05022022,04022022,LCT,Ludhiana,LUD $ LUDHIANA0024,03022022,62193525,03022022,16094,1,,,030489,Punjab National Bank,Ludhiana,16094,02022022,PUSHPA ENTERPRISES,NOT AVAILABLE ON CHQ,,,
D,220204006WEG,T,C,2133000,05022022,04022022,LCT,Ludhiana,LUD $ LUDHIANA0024,03022022,62193523,03022022,3069124,5,,,727313,AXIS BANK LTD,Ludhiana,2133000,31012022,AMANDEEP SINGH,XOHELIN00002157371,,,
D,220204006WEI,T,C,835400,05022022,04022022,LCT,Ludhiana,LUD $ LUDHIANA0024,03022022,62193523,03022022,3069124,5,,,727307,AXIS BANK LTD,Ludhiana,835400,31012022,AMANDEEP SINGH,XOHELIN00002953275,,,
D,220204006WEK,T,C,48681,05022022,04022022,LCT,Ludhiana,LUD $ LUDHIANA0024,03022022,62193523,03022022,3069124,5,,,351540,YES BANK,Ludhiana,48681,05012022,KUSHINDER PAUL MOHINDRA,NOT AVAILABLE ON CHQ,,,
D,2202040077WV,T,C,30000,05022022,04022022,LCT,BANGALORE,BAN,03022022,063889779,03022022,278000,4,,,073147,Bank of Baroda,BANGALORE,30000,31012022,SUNITHA L,0,,,
D,2202040077WW,T,C,25000,05022022,04022022,LCT,BANGALORE,BAN,03022022,063889779,03022022,278000,4,,,182963,Canara Bank,BANGALORE,25000,25012022,MAHADEVAMMA,0,,,
D,2202040077WX,T,C,200000,05022022,04022022,LCT,BANGALORE,BAN,03022022,063889779,03022022,278000,4,,,670124,Union Bank of India,BANGALORE,200000,25012022,V LAKSHMI PATHI NAIDU,0,,,
D,2202040077WY,T,C,23000,05022022,04022022,LCT,BANGALORE,BAN,03022022,063889779,03022022,278000,4,,,401161,State Bank Of India,BANGALORE,23000,29012022,NAONCHQ,0,,,
D,22020400783I,T,C,200000,05022022,04022022,LCT,BANGALORE,BAN,03022022,063899963,03022022,20898150,30,,,876816,Karnataka Bank Ltd,BANGALORE,200000,31012022,VINOD KUMAR H,0,,,
D,22020400783K,T,C,95000,05022022,04022022,LCT,BANGALORE,BAN,03022022,063899963,03022022,20898150,30,,,168814,Bank of India,BANGALORE,95000,31012022,VINOD KUMAR H,0,,,
D,22020400783M,T,C,97500,05022022,04022022,LCT,BANGALORE,BAN,03022022,063899963,03022022,20898150,30,,,001562,Union Bank of India,BANGALORE,97500,31012022,T V NARASIMHALU,0,,,
D,22020400783O,T,C,77000,05022022,04022022,LCT,BANGALORE,BAN,03022022,063899963,03022022,20898150,30,,,000286,Bank of Baroda,BANGALORE,77000,31012022,MANJUNATH T,0,,,
D,22020400783Q,T,C,14825000,05022022,04022022,LCT,BANGALORE,BAN,03022022,063899963,03022022,20898150,30,,,000115,Bank of Baroda,BANGALORE,14825000,25122021,INDIABULLS COMMERICAL CREDIT LIMITED,0,,,
D,22020400783S,T,C,133000,05022022,04022022,LCT,BANGALORE,BAN,03022022,063899963,03022022,20898150,30,,,067990,AXIS BANK LTD,BANGALORE,133000,31012022,SKANDA SURVEY,0,,,
D,22020400783U,T,C,63600,05022022,04022022,LCT,BANGALORE,BAN,03022022,063899963,03022022,20898150,30,,,067991,AXIS BANK LTD,BANGALORE,63600,31012022,SKANDA SURVEY,0,,,
D,22020400783W,T,C,333667,05022022,04022022,LCT,BANGALORE,BAN,03022022,063899963,03022022,20898150,30,,,000737,ICICI BANK LTD,BANGALORE,333667,31012022,PREETHI RAJ,0,,,
D,22020400783Y,T,C,220812,05022022,04022022,LCT,BANGALORE,BAN,03022022,063899963,03022022,20898150,30,,,017002,Union Bank of India,BANGALORE,220812,31012022,GANESHA R,0,,,
D,220204007840,T,C,273667,05022022,04022022,LCT,BANGALORE,BAN,03022022,063899963,03022022,20898150,30,,,000054,KOTAK MAHINDRA BANK,BANGALORE,273667,31012022,GNANESHWAR JAYARAJ,0,,,
D,22020400797M,T,C,160000,05022022,04022022,LCT,SURAT (MICR CHQ ONLY),SUR$SURCHOR009-1,03022022,064710256,03022022,160000,1,,,013324,AXIS BANK LTD,SURAT (MICR CHQ ONLY),160000,02022022,SHAILESH,NMONCHQ,,,
D,220204007F5Y,T,C,25000,05022022,04022022,LCT,AHMEDNAGAR(NON RSC BK)MAH 414 001,AHME,03022022,48635399,03022022,25000,1,,,405685,State Bank Of India,AHMEDNAGAR(NON RSC BK)MAH 414 001,25000,31012022,VIDYA ARUN SATPUTE,NOTMENTION,,,
D,220205000YDP,T,C,186638,07022022,05022022,LCT,Jaipur,NSR - NEW SANAGANER ROAD,04022022,59127695,04022022,186638,1,,,637712,IndusInd Bank Ltd,Jaipur,186638,31012022,RAGHAVENDRA SINGH,NM ON CHQ,,,
D,220205000YDQ,T,D,186638,07022022,05022022,LCT,Jaipur,NSR - NEW SANAGANER ROAD,04022022,59127695,04022022,186638,1,,,637712,IndusInd Bank Ltd,Jaipur,186638,31012022,RAGHAVENDRA SINGH,NM ON CHQ,,,F009-INSUFFICIENT FUNDS
D,220205001ACP,T,C,17400,07022022,05022022,LCT,Ajmer (Rajasthan) - 305 001,AJM $ HDF1570074,04022022,61100090,04022022,17400,1,,,950532,State Bank Of India,Ajmer (Rajasthan) - 305 001,17400,31012022,KISHAN,61100090,,,
D,220205001ACQ,T,D,17400,07022022,05022022,LCT,Ajmer (Rajasthan) - 305 001,AJM $ HDF1570074,04022022,61100090,04022022,17400,1,,,950532,State Bank Of India,Ajmer (Rajasthan) - 305 001,17400,31012022,KISHAN,61100090,,,F009-INSUFFICIENT FUNDS
D,220205001ACT,T,C,64000,07022022,05022022,LCT,Ajmer (Rajasthan) - 305 001,AJM $ HDF1570074,04022022,61100087,04022022,86000,2,,,0004,Bank of Baroda,Ajmer (Rajasthan) - 305 001,64000,31012022,JITENBDRA,61100087,,,
D,220205001ACU,T,D,64000,07022022,05022022,LCT,Ajmer (Rajasthan) - 305 001,AJM $ HDF1570074,04022022,61100087,04022022,86000,2,,,0004,Bank of Baroda,Ajmer (Rajasthan) - 305 001,64000,31012022,JITENBDRA,61100087,,,F009-INSUFFICIENT FUNDS
D,220205001ACX,T,C,22000,07022022,05022022,LCT,Ajmer (Rajasthan) - 305 001,AJM $ HDF1570074,04022022,61100087,04022022,86000,2,,,00005,Bank of Baroda,Ajmer (Rajasthan) - 305 001,22000,31012022,JITENDRA,61100087,,,
D,220205001ACY,T,D,22000,07022022,05022022,LCT,Ajmer (Rajasthan) - 305 001,AJM $ HDF1570074,04022022,61100087,04022022,86000,2,,,00005,Bank of Baroda,Ajmer (Rajasthan) - 305 001,22000,31012022,JITENDRA,61100087,,,F009-INSUFFICIENT FUNDS
D,220205001B37,T,C,140000,07022022,05022022,LCT,Coimbatore (Only MICR Chq),COI,04022022,064316512,04022022,140000,1,,,292284,Canara Bank,Coimbatore (Only MICR Chq),140000,31012022,ROHINI C,NM ON SLIP,,,
D,220205001B38,T,D,140000,07022022,05022022,LCT,Coimbatore (Only MICR Chq),COI,04022022,064316512,04022022,140000,1,,,292284,Canara Bank,Coimbatore (Only MICR Chq),140000,31012022,ROHINI C,NM ON SLIP,,,F009-INSUFFICIENT FUNDS
D,220205001B3B,T,C,400000,07022022,05022022,LCT,Coimbatore (Only MICR Chq),COI,04022022,064316513,04022022,400000,1,,,292285,Canara Bank,Coimbatore (Only MICR Chq),400000,31012022,ROHINI C,NM ON SLIP,,,
D,220205001B3C,T,D,400000,07022022,05022022,LCT,Coimbatore (Only MICR Chq),COI,04022022,064316513,04022022,400000,1,,,292285,Canara Bank,Coimbatore (Only MICR Chq),400000,31012022,ROHINI C,NM ON SLIP,,,F009-INSUFFICIENT FUNDS
D,220205001DW1,T,C,115000,07022022,05022022,LCT,VIRUDHUNAGAR(NON TREASURY CHQ)626001,VIRU,03022022,59537552,03022022,115000,1,,,000008,Bank of Baroda,VIRUDHUNAGAR(NON TREASURY CHQ)626001,115000,31012022,SUNDARALAKSHMI S,CHOLAM1790505,,,
D,220205001DW2,T,D,115000,07022022,05022022,LCT,VIRUDHUNAGAR(NON TREASURY CHQ)626001,VIRU,03022022,59537552,03022022,115000,1,,,000008,Bank of Baroda,VIRUDHUNAGAR(NON TREASURY CHQ)626001,115000,31012022,SUNDARALAKSHMI S,CHOLAM1790505,,,T144- Other Reason
D,220205001DW5,T,C,72000,07022022,05022022,LCT,VIRUDHUNAGAR(NON TREASURY CHQ)626001,VIRU,03022022,59537553,03022022,72000,1,,,000003,Bank of Baroda,VIRUDHUNAGAR(NON TREASURY CHQ)626001,72000,31012022,VARATHARAJA PERUMAL A,CHOLAM2690963,,,
D,220205001DW6,T,D,72000,07022022,05022022,LCT,VIRUDHUNAGAR(NON TREASURY CHQ)626001,VIRU,03022022,59537553,03022022,72000,1,,,000003,Bank of Baroda,VIRUDHUNAGAR(NON TREASURY CHQ)626001,72000,31012022,VARATHARAJA PERUMAL A,CHOLAM2690963,,,F014-PAYMENT STOPPED BY DRAWER
D,220205001JW3,T,C,735847,05022022,05022022,LCT,BANGALORE,BAN,03022022,063899963,03022022,20898150,30,,,000472,Punjab and Sind Bank,BANGALORE,735847,31012022,MILAN NOVELI,0,,,
D,220205001JW4,T,D,735847,05022022,05022022,LCT,BANGALORE,BAN,03022022,063899963,03022022,20898150,30,,,000472,Punjab and Sind Bank,BANGALORE,735847,31012022,MILAN NOVELI,0,,,F009-INSUFFICIENT FUNDS
D,220205001LM7,T,C,200000,07022022,05022022,LCT,Udaipur- ( For NON-Micr XUDA code),UDA,04022022,60379166,04022022,200000,1,,,153219,State Bank Of India,Udaipur- ( For NON-Micr XUDA code),200000,31012022,NILIMA BANSAL,NOT AVAILABLE ON CHQ,,,
D,220205001LM8,T,D,200000,07022022,05022022,LCT,Udaipur- ( For NON-Micr XUDA code),UDA,04022022,60379166,04022022,200000,1,,,153219,State Bank Of India,Udaipur- ( For NON-Micr XUDA code),200000,31012022,NILIMA BANSAL,NOT AVAILABLE ON CHQ,,,F009-INSUFFICIENT FUNDS
D,220205001LMB,T,C,300000,07022022,05022022,LCT,Udaipur- ( For NON-Micr XUDA code),UDA,04022022,062968901,04022022,300000,1,,,005237,KOTAK MAHINDRA BANK,Udaipur- ( For NON-Micr XUDA code),300000,31012022,SHANTI LAL MEHTA,NOT AVAILABLE ON CHQ,,,
D,220205001LMC,T,D,300000,07022022,05022022,LCT,Udaipur- ( For NON-Micr XUDA code),UDA,04022022,062968901,04022022,300000,1,,,005237,KOTAK MAHINDRA BANK,Udaipur- ( For NON-Micr XUDA code),300000,31012022,SHANTI LAL MEHTA,NOT AVAILABLE ON CHQ,,,F009-INSUFFICIENT FUNDS
D,220205001LMF,T,C,800000,07022022,05022022,LCT,Udaipur- ( For NON-Micr XUDA code),UDA,04022022,062968905,04022022,800000,1,,,005236,KOTAK MAHINDRA BANK,Udaipur- ( For NON-Micr XUDA code),800000,31012022,SHANTI LAL MEHTA,NOT AVAILABLE ON CHQ,,,
D,220205001LMG,T,D,800000,07022022,05022022,LCT,Udaipur- ( For NON-Micr XUDA code),UDA,04022022,062968905,04022022,800000,1,,,005236,KOTAK MAHINDRA BANK,Udaipur- ( For NON-Micr XUDA code),800000,31012022,SHANTI LAL MEHTA,NOT AVAILABLE ON CHQ,,,F009-INSUFFICIENT FUNDS
D,220205001O3N,T,C,48065,07022022,05022022,LCT,Ludhiana,LUD $ LUDHIANA0024,04022022,63713977,04022022,96720,2,,,601898,Union Bank of India,Ludhiana,48065,03022022,SHIVA INTERNATIONAL,NOT AVAILABLE ON CHQ,,,
D,220205001O3O,T,D,48065,07022022,05022022,LCT,Ludhiana,LUD $ LUDHIANA0024,04022022,63713977,04022022,96720,2,,,601898,Union Bank of India,Ludhiana,48065,03022022,SHIVA INTERNATIONAL,NOT AVAILABLE ON CHQ,,,F014-PAYMENT STOPPED BY DRAWER
D,220205001QEZ,T,C,3494669,07022022,05022022,LCT,Dharmapuri (TAMILNADU) 636 701,DHARMA,04022022,61256619,03022022,3494669,1,,,426613,Canara Bank,Dharmapuri (TAMILNADU) 636 701,3494669,31012022,NA,NA,,,
D,220205001QF1,T,C,82475,07022022,05022022,LCT,Dharmapuri (TAMILNADU) 636 701,DHARMA,04022022,61256618,03022022,82475,1,,,426612,Canara Bank,Dharmapuri (TAMILNADU) 636 701,82475,31012022,NA,NA,,,
D,220205001SD1,T,C,46300,07022022,05022022,LCT,CHENNAI,MAD$CHECHON001,03022022,64218037,03022022,46300,1,,,379443,State Bank Of India,CHENNAI,46300,31012022,HOSPITALITY,NOT AVAILABLE,,,
D,220205001SD2,T,D,46300,07022022,05022022,LCT,CHENNAI,MAD$CHECHON001,03022022,64218037,03022022,46300,1,,,379443,State Bank Of India,CHENNAI,46300,31012022,HOSPITALITY,NOT AVAILABLE,,,F009-INSUFFICIENT FUNDS
D,220205001SD5,T,C,66683,07022022,05022022,LCT,CHENNAI,MAD$CHECHON001,03022022,64218035,03022022,66683,1,,,080095,IndusInd Bank Ltd,CHENNAI,66683,31012022,THIRUMALAI S,NOT AVAILABLE,,,
D,220205001SD6,T,D,66683,07022022,05022022,LCT,CHENNAI,MAD$CHECHON001,03022022,64218035,03022022,66683,1,,,080095,IndusInd Bank Ltd,CHENNAI,66683,31012022,THIRUMALAI S,NOT AVAILABLE,,,F009-INSUFFICIENT FUNDS
D,220205001SD9,T,C,1172000,07022022,05022022,LCT,CHENNAI,MAD$CHECHON001,03022022,64218044,03022022,1172000,1,,,254637,Indian Overseas Bank,CHENNAI,1172000,31012022,A R R SRINIVASAN,NOT AVAILABLE,,,
D,220205001SDA,T,D,1172000,07022022,05022022,LCT,CHENNAI,MAD$CHECHON001,03022022,64218044,03022022,1172000,1,,,254637,Indian Overseas Bank,CHENNAI,1172000,31012022,A R R SRINIVASAN,NOT AVAILABLE,,,F014-PAYMENT STOPPED BY DRAWER
D,220205001SDD,T,C,50215,07022022,05022022,LCT,CHENNAI,MAD$CHECHON001,03022022,2854995,03022022,1145675,6,,,000256,Karur Vysya Bank Ltd,CHENNAI,50215,31012022,PEAK BAZAAR,XOHETVI00003483089,,,
D,220205001SDE,T,D,50215,07022022,05022022,LCT,CHENNAI,MAD$CHECHON001,03022022,2854995,03022022,1145675,6,,,000256,Karur Vysya Bank Ltd,CHENNAI,50215,31012022,PEAK BAZAAR,XOHETVI00003483089,,,F009-INSUFFICIENT FUNDS
D,220205001SDH,T,C,17264,07022022,05022022,LCT,CHENNAI,MAD$CHECHON001,03022022,64218051,03022022,17264,1,,,406677,Indian Bank,CHENNAI,17264,31012022,ASOHAN,NOT AVAILABLE,,,
D,220205001SDI,T,D,17264,07022022,05022022,LCT,CHENNAI,MAD$CHECHON001,03022022,64218051,03022022,17264,1,,,406677,Indian Bank,CHENNAI,17264,31012022,ASOHAN,NOT AVAILABLE,,,F009-INSUFFICIENT FUNDS
D,220205001SDL,T,C,177000,07022022,05022022,LCT,CHENNAI,MAD$CHECHON001,03022022,2854995,03022022,1145675,6,,,020811,AXIS BANK LTD,CHENNAI,177000,31012022,KLS ENTERPRISES,XOHERUV00003419468,,,
D,220205001SDM,T,D,177000,07022022,05022022,LCT,CHENNAI,MAD$CHECHON001,03022022,2854995,03022022,1145675,6,,,020811,AXIS BANK LTD,CHENNAI,177000,31012022,KLS ENTERPRISES,XOHERUV00003419468,,,F005-EFFECTS NOT CLEARED\ PRESENT AGAIN
D,220205001SDP,T,C,109060,07022022,05022022,LCT,CHENNAI,MAD$CHECHON001,03022022,64218048,03022022,109060,1,,,000053,EQUITAS SMALL FINANCE BANK,CHENNAI,109060,31012022,GOWRISHNAKAR K,NOT AVAILABLE,,,
D,220205001SDQ,T,D,109060,07022022,05022022,LCT,CHENNAI,MAD$CHECHON001,03022022,64218048,03022022,109060,1,,,000053,EQUITAS SMALL FINANCE BANK,CHENNAI,109060,31012022,GOWRISHNAKAR K,NOT AVAILABLE,,,F009-INSUFFICIENT FUNDS
D,220205001SDT,T,C,185000,07022022,05022022,LCT,CHENNAI,MAD$CHECHON001,03022022,2854995,03022022,1145675,6,,,100026,CSB BANK LIMITED,CHENNAI,185000,31012022,CHINNAPAPPU V,XOHEENN00003111032,,,
D,220205001SDU,T,D,185000,07022022,05022022,LCT,CHENNAI,MAD$CHECHON001,03022022,2854995,03022022,1145675,6,,,100026,CSB BANK LIMITED,CHENNAI,185000,31012022,CHINNAPAPPU V,XOHEENN00003111032,,,F009-INSUFFICIENT FUNDS
D,220205001SDX,T,C,282911,07022022,05022022,LCT,CHENNAI,MAD$CHECHON001,03022022,2854995,03022022,1145675,6,,,021070,ICICI BANK LTD,CHENNAI,282911,31012022,KRISHNAN D,XOHECHE00002902662,,,
D,220205001SDY,T,D,282911,07022022,05022022,LCT,CHENNAI,MAD$CHECHON001,03022022,2854995,03022022,1145675,6,,,021070,ICICI BANK LTD,CHENNAI,282911,31012022,KRISHNAN D,XOHECHE00002902662,,,F009-INSUFFICIENT FUNDS
D,220205001SE1,T,C,280573,07022022,05022022,LCT,CHENNAI,MAD$CHECHON001,03022022,2854995,03022022,1145675,6,,,021071,ICICI BANK LTD,CHENNAI,280573,31012022,KRISHNAN D,XOHECHE00002902671,,,
D,220205001SE2,T,D,280573,07022022,05022022,LCT,CHENNAI,MAD$CHECHON001,03022022,2854995,03022022,1145675,6,,,021071,ICICI BANK LTD,CHENNAI,280573,31012022,KRISHNAN D,XOHECHE00002902671,,,F009-INSUFFICIENT FUNDS
D,220205001SJL,T,C,2000000,07022022,05022022,LCT,CHENNAI,MAD$CHECHON001,04022022,64218032,03022022,2000000,1,,,967229,Indian Overseas Bank,CHENNAI,2000000,31012022,STAR PARK,NOT AVAILABLE ON CHQ,,,
D,220205001SJM,T,D,2000000,07022022,05022022,LCT,CHENNAI,MAD$CHECHON001,04022022,64218032,03022022,2000000,1,,,967229,Indian Overseas Bank,CHENNAI,2000000,31012022,STAR PARK,NOT AVAILABLE ON CHQ,,,F009-INSUFFICIENT FUNDS
D,220205001SJP,T,C,69974,07022022,05022022,LCT,CHENNAI,MAD$CHECHON001,04022022,64218033,03022022,69974,1,,,000003,Bank of Baroda,CHENNAI,69974,31012022,R R ENGINEERING WORKS,NOT AVAILABLE ON CHQ,,,
D,220205001SJQ,T,D,69974,07022022,05022022,LCT,CHENNAI,MAD$CHECHON001,04022022,64218033,03022022,69974,1,,,000003,Bank of Baroda,CHENNAI,69974,31012022,R R ENGINEERING WORKS,NOT AVAILABLE ON CHQ,,,F009-INSUFFICIENT FUNDS
D,220205002869,T,C,15423,07022022,05022022,LCT,MEHSANA GUJARAT 384 002,MEHS,04022022,61376428,04022022,15423,1,,,000005,Bank of Baroda,MEHSANA GUJARAT 384 002,15423,04022022,ANIL,NMONDEP,,,
D,220205002AQN,T,C,7500,07022022,05022022,LCT,Jodhpur,JOD,04022022,58937512,04022022,7500,1,,,42599,State Bank Of India,Jodhpur,7500,03022022,PRAAKASH,NM,,,
D,220205002OO5,T,C,53100,07022022,05022022,LCT,ERODE (ONLY MICR CHQS),ERO,03022022,55526913,03022022,53100,1,,,157644,AXIS BANK LTD,ERODE (ONLY MICR CHQS),53100,31012022,SRI AYYANAR TEXTILES,NM,,,
D,220205002OO6,T,D,53100,07022022,05022022,LCT,ERODE (ONLY MICR CHQS),ERO,03022022,55526913,03022022,53100,1,,,157644,AXIS BANK LTD,ERODE (ONLY MICR CHQS),53100,31012022,SRI AYYANAR TEXTILES,NM,,,F009-INSUFFICIENT FUNDS
D,220205002P4B,T,C,171960,07022022,05022022,LCT,Rajkot - Gujarat,RAJK$RAJCHOR002-1,04022022,64256691,04022022,171960,1,,,151507,Union Bank of India,Rajkot - Gujarat,171960,04022022,SHREE ASHIRVAD ROADWAYS,NM,,,
D,220205002P4C,T,D,171960,07022022,05022022,LCT,Rajkot - Gujarat,RAJK$RAJCHOR002-1,04022022,64256691,04022022,171960,1,,,151507,Union Bank of India,Rajkot - Gujarat,171960,04022022,SHREE ASHIRVAD ROADWAYS,NM,,,F001-ACCOUNT FREEZED / BLOCKED
D,220205002R1F,T,C,8537,07022022,05022022,LCT,Tirunelveli 627006 (For MICR Chqs Only),TIRUN,04022022,62913182,04022022,8537,1,,,780085,Tamilnad Mercantile Bank Ltd.,Tirunelveli 627006 (For MICR Chqs Only),8537,29012022,LELIN M,NMONSLIP,,,
D,2202050030D7,T,C,52338,07022022,05022022,LCT,AHMEDABAD- GUJ,AHM$AHMCHOV007-1,04022022,57829343,04022022,52338,1,,,144658,State Bank Of India,AHMEDABAD- GUJ,52338,04022022,S P M SCIENTIFIC INSTRUMENT CO,NM ON SLIP,,,
D,2202050031B8,T,C,7500,07022022,05022022,LCT,AHMEDABAD- GUJ,AHM$AHMCHOV007-1,04022022,57829342,04022022,125500,4,,,85,Bank of Baroda,AHMEDABAD- GUJ,7500,02022022,GIRISHKUMAR MANDORA,0,,,
D,2202050031B9,T,C,25000,07022022,05022022,LCT,AHMEDABAD- GUJ,AHM$AHMCHOV007-1,04022022,57829342,04022022,125500,4,,,218264,Punjab National Bank,AHMEDABAD- GUJ,25000,18012022,WAY OUT CONSULTANCY,0,,,
D,2202050031BA,T,C,7500,07022022,05022022,LCT,AHMEDABAD- GUJ,AHM$AHMCHOV007-1,04022022,57829342,04022022,125500,4,,,88915,Punjab National Bank,AHMEDABAD- GUJ,7500,03022022,ADVANCE CHEMICAL,0,,,
D,2202050031BB,T,C,85500,07022022,05022022,LCT,AHMEDABAD- GUJ,AHM$AHMCHOV007-1,04022022,57829342,04022022,125500,4,,,241,Ahmedabad Mercantile Co-op Bank,AHMEDABAD- GUJ,85500,03022022,HARISH PATEL,0,,,
D,22020500344D,T,C,15000,07022022,05022022,LCT,JABALPUR - (M.P.) 482002,JAB,04022022,63171384,04022022,15000,1,,,643384,Bank of Baroda,JABALPUR - (M.P.) 482002,15000,11012022,RAHUL PAL,NM,,,
D,2202050036P7,T,C,50000,07022022,05022022,LCT,SURAT (MICR CHQ ONLY),SUR$SURCHOR009-1,04022022,064710257,04022022,1970000,2,,,085421,AXIS BANK LTD,SURAT (MICR CHQ ONLY),50000,03022022,RUWALA,NMONCHQ,,,
D,2202050036P8,T,D,50000,07022022,05022022,LCT,SURAT (MICR CHQ ONLY),SUR$SURCHOR009-1,04022022,064710257,04022022,1970000,2,,,085421,AXIS BANK LTD,SURAT (MICR CHQ ONLY),50000,03022022,RUWALA,NMONCHQ,,,F009-INSUFFICIENT FUNDS
D,2202050037VT,T,C,25000,07022022,05022022,LCT,Rajkot - Gujarat,RAJK$RAJCHOR002-1,04022022,64256690,04022022,25000,1,,,504748,ICICI BANK LTD,Rajkot - Gujarat,25000,31012022,VALUE RECEIVED,N,,,
D,220205003JX0,T,C,10500,07022022,05022022,LCT,Indore,IND,04022022,60491844,04022022,18500,2,,,935442,State Bank Of India,Indore,10500,01022022,SHRIRAM FUEL KISAN SEWA KENDRA,NM,,,
D,220205003JX1,T,C,8000,07022022,05022022,LCT,Indore,IND,04022022,60491844,04022022,18500,2,,,151839,Indian Bank,Indore,8000,03022022,VIKAS JAIN,10055100,,,
D,220205003M17,T,C,244084,07022022,05022022,LCT,Mumbai,MUMBAI,04022022,53701057,04022022,244084,1,,,234110,Bank of India,Mumbai,244084,31012022,HAVINDER SINGH LAMBA,NM ON CHQ,,,
D,220205003M18,T,D,244084,07022022,05022022,LCT,Mumbai,MUMBAI,04022022,53701057,04022022,244084,1,,,234110,Bank of India,Mumbai,244084,31012022,HAVINDER SINGH LAMBA,NM ON CHQ,,,F009-INSUFFICIENT FUNDS
D,220205003M7J,T,C,11500,07022022,05022022,LCT,Mumbai,MUMBAI,04022022,063174927,04022022,61500,3,,,100025,Bassein Catholic Co-op Bank Ltd,Mumbai,11500,28012022,MAHESH PATIL,NM ON CHQ,,,
D,220205003M7K,T,D,11500,07022022,05022022,LCT,Mumbai,MUMBAI,04022022,063174927,04022022,61500,3,,,100025,Bassein Catholic Co-op Bank Ltd,Mumbai,11500,28012022,MAHESH PATIL,NM ON CHQ,,,F009-INSUFFICIENT FUNDS
D,220205003Y45,T,C,7500,07022022,05022022,LCT,Raipur,RAIP,04022022,063567783,04022022,7500,1,,,368,ICICI BANK LTD,Raipur,7500,03022022,mansvi,NM,,,
D,220205003ZH9,T,C,100000,07022022,05022022,LCT,JALANDHAR (RBS BK-CLG SUSP-PLS REJECT),JALA,04022022,063821116,04022022,100000,1,,,676219,KOTAK MAHINDRA BANK,JALANDHAR (RBS BK-CLG SUSP-PLS REJECT),100000,02022022,ANIL SAINI BT DD TRIPTI FOOD,NA ON CHQ,,,
D,2202050040NH,T,C,300000,07022022,05022022,LCT,TRIVANDRUM ( MICR CHQ ONLY ) KERALA,TRIV,04022022,60146396,04022022,300000,1,,,133497,The Federal Bank Ltd,TRIVANDRUM ( MICR CHQ ONLY ) KERALA,300000,22012022,MUHAMMED ASHIK S M,133497,,,
D,2202050048GB,T,C,21521,07022022,05022022,LCT,Ajmer (Rajasthan) - 305 001,AJM $ HDF1570074,04022022,61100088,04022022,21521,1,,,000766,ICICI BANK LTD,Ajmer (Rajasthan) - 305 001,21521,31012022,SANDEEP,61100088,,,
D,22020500499Q,T,C,15000,07022022,05022022,LCT,BANGALORE,BAN,04022022,063889780,04022022,45000,2,,,386716,The Bangalore City Co-op Bank Ltd.,BANGALORE,15000,13012022,NAONCHQ,0,,,
D,22020500499R,T,C,30000,07022022,05022022,LCT,BANGALORE,BAN,04022022,063889780,04022022,45000,2,,,263215,Sri Sudha Co-op Bank  Ltd.,BANGALORE,30000,31012022,SRI SUDHA CO OPERATIVE BANK LTD,0,,,
D,220205004BAF,T,C,400000,07022022,05022022,LCT,BANGALORE,BAN,04022022,063899964,04022022,779309,5,,,209140,Karnataka Bank Ltd,BANGALORE,400000,02022022,NAONCHQ,NAONCHQ,,,
D,220205004BAG,T,C,8781,07022022,05022022,LCT,BANGALORE,BAN,04022022,063899964,04022022,779309,5,,,000001,Bank of Baroda,BANGALORE,8781,04022022,PARAMESHWAER P,NAONCHQ,,,
D,220205004BAH,T,C,18199,07022022,05022022,LCT,BANGALORE,BAN,04022022,063899964,04022022,779309,5,,,792172,Dhanalakshmi Bank Ltd,BANGALORE,18199,03022022,SANTHOSH ZACHARIAH,NAONCHQ,,,
D,220205004BAI,T,C,260478,07022022,05022022,LCT,BANGALORE,BAN,04022022,063899964,04022022,779309,5,,,099527,The National Co-Op Bank Ltd. Bangalore,BANGALORE,260478,03022022,SHREE GRAPHICS,NAONCHQ,,,
D,220205004BAJ,T,C,91851,07022022,05022022,LCT,BANGALORE,BAN,04022022,063899964,04022022,779309,5,,,099528,The National Co-Op Bank Ltd. Bangalore,BANGALORE,91851,03022022,SHREE GRAPHICS,NAONCHQ,,,
D,220205004D1V,T,C,27409,07022022,05022022,LCT,GONDIA-441601(Bhandara - Maharashtra),GOND,04022022,62014844,04022022,27409,1,,,164504,Bank of Maharashtra,GONDIA-441601(Bhandara - Maharashtra),27409,03022022,ZAMWANTA BHAIYALAL BANGADE,XOHEGDY00003173897,,,
D,220205004D1X,T,C,12031,07022022,05022022,LCT,GONDIA-441601(Bhandara - Maharashtra),GOND,04022022,62014845,04022022,12031,1,,,164505,Bank of Maharashtra,GONDIA-441601(Bhandara - Maharashtra),12031,03022022,ZAMWANTA BHAIYALAL BANGADE,HE02GDY00000003667,,,
D,220205004FOL,T,C,50000,07022022,05022022,LCT,NAGPUR (FOR MICR CHQ ONLY) MAH,NAGP,04022022,064431020,04022022,50000,1,,,815140,Shikshak Sahakari Bank Ltd,NAGPUR (FOR MICR CHQ ONLY) MAH,50000,03022022,NA ON CHQ,NA ON CHQ,,,
D,220205004H5Z,T,C,7500,07022022,05022022,LCT,Jaipur,JAI,04022022,58971316,04022022,7500,1,,,262562,State Bank Of India,Jaipur,7500,03022022,JAGMOHAN SINGH,NM ON CHQ,,,
D,220205004H6R,T,C,40000,07022022,05022022,LCT,Jaipur,NSR - NEW SANAGANER ROAD,04022022,59143727,04022022,40000,1,,,571236,YES BANK,Jaipur,40000,01022022,KUBER IND,NM ON CHQ,,,
D,220205004JLR,T,C,35000,07022022,05022022,LCT,Kolhapur (for non  MICR - XKOLH  CLE ),KOLH,04022022,59151124,04022022,35000,1,,,023606,Janta Sahakari Bank Ltd,Kolhapur (for non  MICR - XKOLH  CLE ),35000,29122021,SHRI OMKAR,151124,,,
D,220205004JML,T,C,6000,07022022,05022022,LCT,Kolhapur (for non  MICR - XKOLH  CLE ),KOLH,04022022,62754002,04022022,6000,1,,,002821,Bank of India,Kolhapur (for non  MICR - XKOLH  CLE ),6000,05012022,MAHADEV,54002,,,
D,22020500556T,T,C,110540,07022022,05022022,LCT,CHENNAI,MAD$CHECHON001,03022022,64218038,03022022,110540,1,,,140166,Tamilnad Mercantile Bank Ltd.,CHENNAI,110540,31012022,LITTLE FLOWER,NOT AVAILABLE,,,
D,22020500556V,T,C,81000,07022022,05022022,LCT,CHENNAI,MAD$CHECHON001,03022022,64218041,03022022,81000,1,,,000001,ESAF SMALL FINANCE BANK,CHENNAI,81000,31012022,ROBERT ANALD,NOT AVAILABLE,,,
D,220205005573,T,C,169976,07022022,05022022,LCT,CHENNAI,MAD$CHECHON001,03022022,2854995,03022022,1145675,6,,,085708,Union Bank of India,CHENNAI,169976,31012022,ATHITHIA INDUSTRIES,XOHECHE00001178731,,,
D,22020500571T,T,C,562063,07022022,05022022,LCT,CHENNAI,MAD$CHECHON001,04022022,064218049,04022022,3538675,5,,,589922,Deutsche Bank,CHENNAI,562063,28012022,NOT AVAILABLE ON CHEQUE,NOT AVAILABLE,,,
D,22020500571U,T,C,901428,07022022,05022022,LCT,CHENNAI,MAD$CHECHON001,04022022,064218049,04022022,3538675,5,,,589923,Deutsche Bank,CHENNAI,901428,28012022,NOT AVAILABLE ON CHEQUE,NOT AVAILABLE,,,
D,22020500571V,T,C,1974964,07022022,05022022,LCT,CHENNAI,MAD$CHECHON001,04022022,064218049,04022022,3538675,5,,,589924,Deutsche Bank,CHENNAI,1974964,28012022,NOT AVAILABLE ON CHEQUE,NOT AVAILABLE,,,
D,22020500571W,T,C,73540,07022022,05022022,LCT,CHENNAI,MAD$CHECHON001,04022022,064218049,04022022,3538675,5,,,612759,IDBI Bank Ltd,CHENNAI,73540,03022022,C RAJENDRAN,NOT AVAILABLE,,,
D,22020500571X,T,C,26680,07022022,05022022,LCT,CHENNAI,MAD$CHECHON001,04022022,064218049,04022022,3538675,5,,,612785,IDBI Bank Ltd,CHENNAI,26680,03022022,C RAJENDRAN,NOT AVAILABLE,,,
D,220205005BIN,T,C,53294,07022022,05022022,LCT,Gwalior,GWA$GWACHOJ001,04022022,57696790,04022022,53294,1,,,030916,AXIS BANK LTD,Gwalior,53294,31012022,RAJAT MATHUR,NA,,,
D,220205005BIP,T,C,19000,07022022,05022022,LCT,Gwalior,GWA$GWACHOJ001,04022022,57683341,04022022,19000,1,,,942015,State Bank Of India,Gwalior,19000,31012022,BHORAN SINGH NARWARIYA,NA,,,
D,220205005BIR,T,C,49590,07022022,05022022,LCT,Gwalior,GWA$GWACHOJ001,04022022,57693880,04022022,49590,1,,,053206,State Bank Of India,Gwalior,49590,04022022,JAI MATA DI ENTERPRISES,NA,,,
D,220205005C35,T,C,78000,07022022,05022022,LCT,VIJAYAWADA(NON GDCCB/SWCUB/SMCUB)MICR CH,VIJ,04022022,61717776,04022022,257000,3,,,513462,Karur Vysya Bank Ltd,VIJAYAWADA(NON GDCCB/SWCUB/SMCUB)MICR CH,78000,21012022,M VENKATESWARA,CIFCO,,,
D,220205005C36,T,C,80000,07022022,05022022,LCT,VIJAYAWADA(NON GDCCB/SWCUB/SMCUB)MICR CH,VIJ,04022022,61717776,04022022,257000,3,,,115037,Union Bank of India,VIJAYAWADA(NON GDCCB/SWCUB/SMCUB)MICR CH,80000,31012022,S KALISHA,CIFCO,,,
D,220205005C37,T,C,99000,07022022,05022022,LCT,VIJAYAWADA(NON GDCCB/SWCUB/SMCUB)MICR CH,VIJ,04022022,61717776,04022022,257000,3,,,003137,AXIS BANK LTD,VIJAYAWADA(NON GDCCB/SWCUB/SMCUB)MICR CH,99000,29012022,A SIVA,CIFCO,,,
D,220205005IGG,T,C,200000,07022022,05022022,LCT,Coimbatore (Only MICR Chq),COI,04022022,064316520,04022022,206750,2,,,501345,ICICI BANK LTD,Coimbatore (Only MICR Chq),200000,01022022,K N FASHION,NM ON SLIP,,,
D,220205005IGH,T,C,6750,07022022,05022022,LCT,Coimbatore (Only MICR Chq),COI,04022022,064316520,04022022,206750,2,,,032076,Union Bank of India,Coimbatore (Only MICR Chq),6750,01022022,SANKARAN C,NM ON SLIP,,,
D,220205005IGJ,T,C,53732,07022022,05022022,LCT,Coimbatore (Only MICR Chq),COI,04022022,064316514,04022022,53732,1,,,578747,State Bank Of India,Coimbatore (Only MICR Chq),53732,31012022,ARAVINDHAN M,NM ON SLIP,,,
D,220205005LCV,T,C,65000,07022022,05022022,LCT,Udaipur- ( For NON-Micr XUDA code),UDA,04022022,60379171,04022022,65000,1,,,505838,Punjab National Bank,Udaipur- ( For NON-Micr XUDA code),65000,31012022,HANSRAJ SAHU,NOT AVAILABLE ON CHQ,,,
D,220205005LH1,T,C,7500,07022022,05022022,LCT,Udaipur- ( For NON-Micr XUDA code),UDA,04022022,22597781,04022022,7500,1,,,13,UCO BANK,Udaipur- ( For NON-Micr XUDA code),7500,03022022,RAJAT,NOT AVAILABLE,,,
D,220205005OIX,T,C,3158526,07022022,05022022,LCT,Ranchi ( For MICR Chqs Only),RAN,04022022,61894019,04022022,3158526,1,,,000028,Jana Small Finance Bank,Ranchi ( For MICR Chqs Only),3158526,12012022,NM,NM,,,
D,220205005OIZ,T,C,4344938,07022022,05022022,LCT,Ranchi ( For MICR Chqs Only),RAN,04022022,61894021,04022022,4344938,1,,,107002,ICICI BANK LTD,Ranchi ( For MICR Chqs Only),4344938,06012022,ANKIT VISHAL,NM,,,
D,220205005OJ1,T,C,1600000,07022022,05022022,LCT,Ranchi ( For MICR Chqs Only),RAN,04022022,61894020,04022022,1600000,1,,,000029,Jana Small Finance Bank,Ranchi ( For MICR Chqs Only),1600000,12012022,NM,NM,,,
D,220205005VKP,T,C,19824,05022022,05022022,LCT,Ludhiana,LUD $ LUDHIANA0024,03022022,62193523,03022022,3069124,5,,,000090,Punjab and Sind Bank,Ludhiana,19824,02022022,AMANDEEP SINGH,NOT AVAILABLE ON CHQ,,,
D,220205005VUX,T,C,2440000,07022022,05022022,LCT,Ludhiana,LUD $ LUDHIANA0024,04022022,063713976,04022022,5654210,2,,,457926,IDFC BANK LTD,Ludhiana,2440000,02022022,DD,NOT AVAILABLE ON CHQ,,,
D,220205005VUZ,T,C,3214210,07022022,05022022,LCT,Ludhiana,LUD $ LUDHIANA0024,04022022,063713976,04022022,5654210,2,,,457922,IDFC BANK LTD,Ludhiana,3214210,02022022,DD,NOT AVAILABLE ON CHQ,,,
D,220205005VV3,T,C,48655,07022022,05022022,LCT,Ludhiana,LUD $ LUDHIANA0024,04022022,63713977,04022022,96720,2,,,065451,Canara Bank,Ludhiana,48655,03022022,SHIVA INTERNATIONAL,NOT AVAILABLE ON CHQ,,,
D,2202050060WP,T,C,40332,07022022,05022022,LCT,Patna,PATN,04022022,60468987,04022022,40332,1,,,003607,Union Bank of India,Patna,40332,04022022,NARESH,NM,,,
D,220205006311,T,C,922225,07022022,05022022,LCT,SURAT (MICR CHQ ONLY),SUR$SURCHOR009-1,04022022,064710258,04022022,922225,1,,,330411,UCO BANK,SURAT (MICR CHQ ONLY),922225,03022022,DEEPAK,NMONCHQ,,,
D,22020500634F,T,C,1652570,07022022,05022022,LCT,SURAT (MICR CHQ ONLY),SUR$SURCHOR009-1,04022022,064710250,04022022,1652570,1,,,483796,AXIS BANK LTD,SURAT (MICR CHQ ONLY),1652570,03022022,MAHESH I BORDA,NMONCHQ,,,
D,22020500639F,T,C,1920000,07022022,05022022,LCT,SURAT (MICR CHQ ONLY),SUR$SURCHOR009-1,04022022,064710257,04022022,1970000,2,,,045953,ICICI BANK LTD,SURAT (MICR CHQ ONLY),1920000,03022022,DINESH,NMONCHQ,,,
D,22020500657X,T,C,25828,07022022,05022022,LCT,PUNE (NON JCBK BK & ONLY MICR CHQ) MAH,PUN,04022022,62470795,04022022,48016,2,,,000064,Bank of Baroda,PUNE (NON JCBK BK & ONLY MICR CHQ) MAH,25828,04022022,GOVIND V GURAV,NACHQ,,,
D,22020500657Z,T,C,22188,07022022,05022022,LCT,PUNE (NON JCBK BK & ONLY MICR CHQ) MAH,PUN,04022022,62470795,04022022,48016,2,,,118563,Union Bank of India,PUNE (NON JCBK BK & ONLY MICR CHQ) MAH,22188,04022022,POOJA R RAUT,NACHQ,,,
D,220205006E2L,T,C,15782,07022022,05022022,LCT,Mumbai,MUMBAI,04022022,53701006,04022022,15782,1,,,434479,State Bank Of India,Mumbai,15782,31012022,SAMEER PATIL,NMONCHQ,,,
D,220205006ECV,T,C,1852060,07022022,05022022,LCT,Mumbai,MUMBAI,04022022,063123251,04022022,18710886,5,,,984820,Indian Overseas Bank,Mumbai,1852060,02022022,AMIT VORA,NM ON CHQ,,,
D,220205006ECW,T,C,411885,07022022,05022022,LCT,Mumbai,MUMBAI,04022022,063123251,04022022,18710886,5,,,429768,ICICI BANK LTD,Mumbai,411885,31012022,LATA PARKHANDE,NM ON CHQ,,,
D,220205006ECX,T,C,2160413,07022022,05022022,LCT,Mumbai,MUMBAI,04022022,063123251,04022022,18710886,5,,,429769,ICICI BANK LTD,Mumbai,2160413,31012022,LATA PARKHANDE,NM ON CHQ,,,
D,220205006ECY,T,C,7648900,07022022,05022022,LCT,Mumbai,MUMBAI,04022022,063123251,04022022,18710886,5,,,148833,Punjab National Bank,Mumbai,7648900,02022022,RAM SSONI,NM ON CHQ,,,
D,220205006ECZ,T,C,6637628,07022022,05022022,LCT,Mumbai,MUMBAI,04022022,063123251,04022022,18710886,5,,,554577,KOTAK MAHINDRA BANK,Mumbai,6637628,01022022,PANCHANAN,NM ON CHQ,,,
D,220205006HBP,T,C,750,07022022,05022022,LCT,Mumbai,MUMBAI,04022022,063123252,04022022,750,1,,,660468,The Thane Janata Shakari  Bank  Ltd,Mumbai,750,03022022,RAJEET BAG,NMONCHQ,,,
D,220205006HI4,T,C,20000,07022022,05022022,LCT,Mumbai,MUMBAI,04022022,063174927,04022022,61500,3,,,029416,the saraswat co-operative bank ltd,Mumbai,20000,02022022,ABDUL QURESHI,NM ON CHQ,,,
D,220205006HI5,T,C,30000,07022022,05022022,LCT,Mumbai,MUMBAI,04022022,063174927,04022022,61500,3,,,000081,Bank of Baroda,Mumbai,30000,02022022,SUNIL PANJWANI,NM ON CHQ,,,
D,220205006HI9,T,C,200000,07022022,05022022,LCT,Mumbai,MUMBAI,04022022,54995486,04022022,200000,1,,,100562,CSB BANK LIMITED,Mumbai,200000,31012022,SEBASTIAN JOSEPH,NM ON CHQ,,,
