band_id,entry_id,type_of_enrty,debit_credit_flag,entry_amount,value_date,posting_date,product_code,pickup_location,pickup_point,pickup_date,deposit_slip_number,deposit_date,deposit_amount,number_of_instruments,deposit_remarks,d1,instrument_number,drawee_bank,clearing_location,instrument_amount,instrument_date,drawer_name,e1,e2,e3,return_reason_remarks
H,15032022,16032022,,,,,,,,,,,,,,,,,,,,,,,,
D,220315001SGC,T,C,20750,15032022,15032022,CASH,SURAT (MICR CHQ ONLY),SUR$SURCHOR009-1,15032022,16895571,15032022,20750,1,,,CASH,HDFC Bank Ltd,SURAT (MICR CHQ ONLY),20750,15032022,,,,,
D,2203150020TM,T,C,137662,15032022,15032022,CASH,SURAT (MICR CHQ ONLY),SUR$SURCHOR009-1,15032022,16895573,15032022,137662,1,,,CASH,HDFC Bank Ltd,SURAT (MICR CHQ ONLY),137662,15032022,,,,,
D,2203150020UM,T,C,179560,15032022,15032022,CASH,SURAT (MICR CHQ ONLY),SUR$SURCHOR009-1,15032022,16895570,15032022,179560,1,,,CASH,HDFC Bank Ltd,SURAT (MICR CHQ ONLY),179560,15032022,,,,,
D,2203150029QC,T,C,9100,15032022,15032022,CASH,BUXAR (BHOJPUR) BHI 802 101,Sohanipatti,15032022,13181903,15032022,9100,1,,,CASH,HDFC Bank Ltd,BUXAR (BHOJPUR) BHI 802 101,9100,15032022,CHOLAMANDLAM INV FIN,,,,
D,220315002CJU,T,C,15000,15032022,15032022,CASH,Durg (491001) CG,DURG,15032022,14036961,15032022,15000,1,,,CASH,HDFC Bank Ltd,Durg (491001) CG,15000,15032022,NP,,,,
D,220315002CKA,T,C,12350,15032022,15032022,CASH,Durg (491001) CG,DURG,15032022,14086002,15032022,12350,1,,,CASH,HDFC Bank Ltd,Durg (491001) CG,12350,15032022,NP,,,,
D,2203150036RC,T,C,21660,15032022,15032022,CASH,Morvi (RAJKOT) GUJ 363641,MORVI,15032022,15014593,15032022,21660,1,,,CASH,HDFC Bank Ltd,Morvi (RAJKOT) GUJ 363641,21660,15032022,,,,,
D,220315003960,T,C,13250,15032022,15032022,CASH,Rajkot - Gujarat,RAJK$RAJCHOR002-1,15032022,17550016,15032022,13250,1,,,CASH,HDFC Bank Ltd,Rajkot - Gujarat,13250,15032022,,,,,
D,220315003AAU,T,C,50000,15032022,15032022,CASH,Visakhapatnam,VIS$VIZCHOR001,15032022,015941253,15032022,50000,1,,,CASH,HDFC Bank Ltd,Visakhapatnam,50000,15032022,,,,,
D,220315003N7E,T,C,37000,15032022,15032022,CASH,Rajkot - Gujarat,RAJK$RAJCHOR002-1,15032022,16529171,15032022,37000,1,,,CASH,HDFC Bank Ltd,Rajkot - Gujarat,37000,15032022,,,,,
D,220315003PDG,T,C,29796,15032022,15032022,CASH,Alwar - 301 001,ALW,15032022,6159931,15032022,29796,1,,,CASH,HDFC Bank Ltd,Alwar - 301 001,29796,15032022,,,,,
D,220315003YS4,T,C,19000,15032022,15032022,CASH,Ludhiana,LUD $ LUDHIANA0024,15032022,14541079,15032022,19000,1,,,CASH,HDFC Bank Ltd,Ludhiana,19000,15032022,,,,,
D,220315003YSG,T,C,79100,15032022,15032022,CASH,Ludhiana,LUD $ LUDHIANA0024,15032022,14541078,15032022,79100,1,,,CASH,HDFC Bank Ltd,Ludhiana,79100,15032022,,,,,
D,2203150046RT,T,C,32700,15032022,15032022,CASH,KAKINADA (NON SRC BK)EAST GODAVAI 533001,KAK,15032022,15391835,15032022,32700,1,,,CASH,HDFC Bank Ltd,KAKINADA (NON SRC BK)EAST GODAVAI 533001,32700,15032022,,,,,
D,220315004C4E,T,C,79601,15032022,15032022,CASH,CHENNAI,MAD$CHECHON001,15032022,15738151,15032022,79601,1,,,CASH,HDFC Bank Ltd,CHENNAI,79601,15032022,,,,,
D,220315004G34,T,C,45570,15032022,15032022,CASH,AHMEDABAD- GUJ,SAKAR2 - Ellisbridge$AHMCHOS009,15032022,17596275,15032022,45570,1,,,CASH,HDFC Bank Ltd,AHMEDABAD- GUJ,45570,15032022,,,,,
D,220315004GAS,T,C,9500,15032022,15032022,CASH,NAGPUR (FOR MICR CHQ ONLY) MAH,NAGP,15032022,15165265,15032022,9500,1,,,CASH,HDFC Bank Ltd,NAGPUR (FOR MICR CHQ ONLY) MAH,9500,15032022,CHOLAMANDALM,,,,
D,220315004GBK,T,C,23420,15032022,15032022,CASH,NAGPUR (FOR MICR CHQ ONLY) MAH,NAGP,15032022,15165264,15032022,23420,1,,,CASH,HDFC Bank Ltd,NAGPUR (FOR MICR CHQ ONLY) MAH,23420,15032022,CHOLAMANDALM,,,,
D,220315004GCK,T,C,25500,15032022,15032022,CASH,NAGPUR (FOR MICR CHQ ONLY) MAH,NAGP,15032022,13502256,15032022,25500,1,,,CASH,HDFC Bank Ltd,NAGPUR (FOR MICR CHQ ONLY) MAH,25500,15032022,CHOLAMANDALM,,,,
D,220315004JOZ,T,C,57384,15032022,15032022,CASH,Nellore (Non POS/TNCUBL)A.P. - 524 002,NEL,15032022,13170610,15032022,57384,1,,,CASH,HDFC Bank Ltd,Nellore (Non POS/TNCUBL)A.P. - 524 002,57384,15032022,CHOLAMANDALAM INVESTMENT AND FIN CO LTD,,,,
D,220315005HL8,T,C,42116,15032022,15032022,CASH,AGRA (FOR MICR CHQ ONLY),AGR$AGRCHOS002,15032022,5742382,15032022,42116,1,,,CASH,HDFC Bank Ltd,AGRA (FOR MICR CHQ ONLY),42116,15032022,,,,,
D,220315005SQC,T,C,830,15032022,15032022,CASH,JAMNAGAR GUJARAT 361 008,JAMN,15032022,4624709,15032022,830,1,,,CASH,HDFC Bank Ltd,JAMNAGAR GUJARAT 361 008,830,15032022,,,,,
D,220315007G3C,T,C,25042,15032022,15032022,CASH,JUNAGADH (FOR BAR1 BK-NET-MUM) GUJ,JUN,15032022,16100988,15032022,25042,1,,,CASH,HDFC Bank Ltd,JUNAGADH (FOR BAR1 BK-NET-MUM) GUJ,25042,15032022,,,,,
D,220315007G3S,T,C,12352,15032022,15032022,CASH,JUNAGADH (FOR BAR1 BK-NET-MUM) GUJ,JUN,15032022,16100989,15032022,12352,1,,,CASH,HDFC Bank Ltd,JUNAGADH (FOR BAR1 BK-NET-MUM) GUJ,12352,15032022,,,,,
D,220315007UF2,T,C,5000,15032022,15032022,CASH,Gwalior,GWA$GWACHOJ001,15032022,50088453,15032022,5000,1,,,CASH,HDFC Bank Ltd,Gwalior,5000,15032022,,,,,
D,220315007UFI,T,C,19600,15032022,15032022,CASH,Gwalior,GWA$GWACHOJ001,15032022,50097793,15032022,19600,1,,,CASH,HDFC Bank Ltd,Gwalior,19600,15032022,,,,,
D,220315007UFM,T,C,57500,15032022,15032022,CASH,Gwalior,GWA$GWACHOJ001,15032022,50097792,15032022,57500,1,,,CASH,HDFC Bank Ltd,Gwalior,57500,15032022,,,,,
D,2203150080KC,T,C,250,15032022,15032022,CASH,Gwalior,GWA$GWACHOJ001,15032022,50088452,15032022,250,1,,,CASH,HDFC Bank Ltd,Gwalior,250,15032022,,,,,
D,220314005Q9S,T,C,3750,15032022,14032022,HBTRF,Bhilwara ( RAJATHAN 311 001 ),BHIL $BHILWARA017,14032022,62173583,14032022,3750,1,,,112,HDFC Bank Ltd,Bhilwara ( RAJATHAN 311 001 ),3750,10032022,SUMIT SURANA,NM ON SL,,,
D,220314005S2U,T,C,3750,15032022,14032022,HBTRF,Ajmer (Rajasthan) - 305 001,AJM $ HDF1570074,14032022,61088152,14032022,3750,1,,,415,HDFC Bank Ltd,Ajmer (Rajasthan) - 305 001,3750,10032022,HOTEL VINOD,61088152,,,
D,220314005YRY,T,C,44000,15032022,14032022,HBTRF,CHENNAI,MAD$CHECHON001,14032022,065050077,14032022,3244000,2,,,050785,HDFC Bank Ltd,CHENNAI,44000,11032022,DD,NOT AVAIL,,,
D,220314005YS2,T,C,43665,15032022,14032022,HBTRF,CHENNAI,MAD$CHECHON001,14032022,065050078,14032022,43665,1,,,000009,HDFC Bank Ltd,CHENNAI,43665,12032022,VIGHNESWARAN,NOT AVAIL,,,
D,220314005YS4,T,C,3200000,15032022,14032022,HBTRF,CHENNAI,MAD$CHECHON001,14032022,065050077,14032022,3244000,2,,,076461,HDFC Bank Ltd,CHENNAI,3200000,05032022,DD,NOT AVAIL,,,
D,220314007MNK,T,C,1498716,15032022,14032022,HBTRF,AHMEDABAD- GUJ,AHM$AHMCHOV007-1,14032022,57737308,14032022,1498716,1,,,923408,HDFC Bank Ltd,AHMEDABAD- GUJ,1498716,28022022,HDBFS MUMBAI DISB,NM ON SLIP,,,
D,220314008FH0,T,C,2259850,15032022,14032022,HBTRF,TRICHY (NON TDCCB BK) TN 620 018,TRI,14032022,60556270,14032022,2259850,1,,,000003,HDFC Bank Ltd,TRICHY (NON TDCCB BK) TN 620 018,2259850,14032022,V AMUTHA RANI,NMM IN CHALAN,,,
D,220314008HAF,T,C,33400,15032022,14032022,HBTRF,Hyderabad Telangana,AMEERPET$HYDCHOM001,11032022,062983440,14032022,10533400,2,,,001759,HDFC Bank Ltd,Hyderabad Telangana,33400,09032022,M SRINIVASULU,000000000,,,
D,220314008HAG,T,C,10500000,15032022,14032022,HBTRF,Hyderabad Telangana,AMEERPET$HYDCHOM001,11032022,062983440,14032022,10533400,2,,,594678,HDFC Bank Ltd,Hyderabad Telangana,10500000,08032022,HDFC BANK LTD RETAIL,00000000,,,
D,220314008L0M,T,C,2596627,15032022,14032022,HBTRF,Coimbatore (Only MICR Chq),COI,11032022,064321363,11032022,2596627,1,,,923575,HDFC Bank Ltd,Coimbatore (Only MICR Chq),2596627,03032022,RAMYA,NM ON SLIP,,,
D,220314008L0O,T,C,493525,15032022,14032022,HBTRF,Coimbatore (Only MICR Chq),COI,11032022,064321364,11032022,493525,1,,,923576,HDFC Bank Ltd,Coimbatore (Only MICR Chq),493525,03032022,RAMYA,NM ON SLIP,,,
D,220314008L2S,T,C,1575000,15032022,14032022,HBTRF,Coimbatore (Only MICR Chq),COI,14032022,064321368,14032022,1575000,1,,,145644,HDFC Bank Ltd,Coimbatore (Only MICR Chq),1575000,21022022,BOSE,NM ON SLIP,,,
D,2203140097PN,T,C,139856,15032022,14032022,HBTRF,Udaipur- ( For NON-Micr XUDA code),UDA,14032022,51757363,14032022,156911,2,,,000158,HDFC Bank Ltd,Udaipur- ( For NON-Micr XUDA code),139856,14032022,MANVEER SINGH,NA,,,
D,2203140097PO,T,C,17055,15032022,14032022,HBTRF,Udaipur- ( For NON-Micr XUDA code),UDA,14032022,51757363,14032022,156911,2,,,000026,HDFC Bank Ltd,Udaipur- ( For NON-Micr XUDA code),17055,11032022,SHAILENDRA SHARMA,NA,,,
D,220314009GI0,T,C,6000,15032022,14032022,HBTRF,Delhi,Pusa Road,14032022,60694739,14032022,6000,1,,,001225,HDFC Bank Ltd,Delhi,6000,11022022,VIJAY ENTERPRISES,10064388,,,
D,220314009K9W,T,C,1841243,15032022,14032022,HBTRF,BANGALORE,BAN,14032022,063899994,14032022,1841243,1,,,202044,HDFC Bank Ltd,BANGALORE,1841243,09032022,LIC HOUSING FINANCE LTD,0,,,
D,220315004O5Y,T,C,36960,16032022,15032022,HBTRF,Rajkot - Gujarat,RAJK$RAJCHOR002-1,15032022,64307151,15032022,36960,1,,,104,HDFC Bank Ltd,Rajkot - Gujarat,36960,15032022,KARTIK ADAK,0,,,
D,220315004O60,T,C,67050,16032022,15032022,HBTRF,Rajkot - Gujarat,RAJK$RAJCHOR002-1,15032022,64226600,15032022,67050,1,,,103,HDFC Bank Ltd,Rajkot - Gujarat,67050,15032022,KARTIK ADAK,0,,,
D,220315005EUM,T,C,272573,16032022,15032022,HBTRF,VIJAYAWADA(NON GDCCB/SWCUB/SMCUB)MICR CH,VIJ,14032022,61717685,14032022,1369257,3,,,923331,HDFC Bank Ltd,VIJAYAWADA(NON GDCCB/SWCUB/SMCUB)MICR CH,272573,28022022,HDBFS MUMBAI DISB,0,,,
D,220315005EUN,T,C,546873,16032022,15032022,HBTRF,VIJAYAWADA(NON GDCCB/SWCUB/SMCUB)MICR CH,VIJ,14032022,61717685,14032022,1369257,3,,,923332,HDFC Bank Ltd,VIJAYAWADA(NON GDCCB/SWCUB/SMCUB)MICR CH,546873,28022022,HDBFS MUMBAI DISB,0,,,
D,220315005EUO,T,C,549811,16032022,15032022,HBTRF,VIJAYAWADA(NON GDCCB/SWCUB/SMCUB)MICR CH,VIJ,14032022,61717685,14032022,1369257,3,,,923333,HDFC Bank Ltd,VIJAYAWADA(NON GDCCB/SWCUB/SMCUB)MICR CH,549811,28022022,HDBFS MUMBAI DISB,0,,,
D,22031500734K,T,C,711155,16032022,15032022,HBTRF,Calcutta,CAL,15032022,064043826,15032022,711155,1,,,490929,HDFC Bank Ltd,Calcutta,711155,25022022,TATA CAPITAL HOUSING FINANCE LTD,NOT GIVEN,,,
D,22031500793I,T,C,758365,16032022,15032022,HBTRF,Jaipur,NSR - NEW SANAGANER ROAD,15032022,58989086,15032022,1690184,3,,,583604,HDFC Bank Ltd,Jaipur,758365,11032022,HOUSING DEVELOPMENT,848706,,,
D,22031500793J,T,C,640926,16032022,15032022,HBTRF,Jaipur,NSR - NEW SANAGANER ROAD,15032022,58989086,15032022,1690184,3,,,583605,HDFC Bank Ltd,Jaipur,640926,11032022,HOUSING DEVELOPMENT,848705,,,
D,22031500793K,T,C,290893,16032022,15032022,HBTRF,Jaipur,NSR - NEW SANAGANER ROAD,15032022,58989086,15032022,1690184,3,,,583606,HDFC Bank Ltd,Jaipur,290893,11032022,HOUSING DEVELOPMENT,848704,,,
D,220315007HCI,T,C,10924012,16032022,15032022,HBTRF,Amritsar ( Punjab) - 143 001,AMR $ AMRITSAR0019,15032022,064625933,15032022,10924012,1,,,660512,HDFC Bank Ltd,Amritsar ( Punjab) - 143 001,10924012,14032022,VISHAL,NM,,,
D,220315007KLN,T,C,3860520,16032022,15032022,HBTRF,Calcutta,CAL,15032022,064043827,15032022,4224777,2,,,490928,HDFC Bank Ltd,Calcutta,3860520,25022022,TATA CAPITAL HOUSING FINANCE LTD,NOT GIVEN,,,
D,220315007KLO,T,C,364257,16032022,15032022,HBTRF,Calcutta,CAL,15032022,064043827,15032022,4224777,2,,,490927,HDFC Bank Ltd,Calcutta,364257,25022022,TATA CAPITAL HOUSING FINANCE LTD,NOT GIVEN,,,
D,220315007NT9,T,C,2950,16032022,15032022,HBTRF,CHENNAI,MAD$CHECHON001,15032022,62998677,14032022,2950,1,,,000041,HDFC Bank Ltd,CHENNAI,2950,10032022,RJM AGENCIES,NOT AVAILABLE ON CHQ,,,
D,220315007NTB,T,D,2950,16032022,15032022,HBTRF,CHENNAI,MAD$CHECHON001,15032022,62998677,14032022,2950,1,,,000041,HDFC Bank Ltd,CHENNAI,2950,10032022,RJM AGENCIES,NOT AVAILABLE ON CHQ,,,F009-INSUFFICIENT FUNDS
D,220315008GX4,T,C,12500,16032022,15032022,HBTRF,Gwalior,GWA$GWACHOJ001,15032022,57694774,15032022,12500,1,,,007494,HDFC Bank Ltd,Gwalior,12500,08032022,JITENDRA SHARMA,NA,,,
D,22031500988Q,T,C,10500000,16032022,15032022,HBTRF,TRICHY (NON TDCCB BK) TN 620 018,TRI,15032022,60556274,15032022,10500000,1,,,000138,HDFC Bank Ltd,TRICHY (NON TDCCB BK) TN 620 018,10500000,14032022,KUMAR S,NMM IN CHALLAN,,,
D,220315009LKE,T,C,5900,16032022,15032022,HBTRF,Mumbai,MUMBAI,15032022,063172453,15032022,5900,1,,,000029,HDFC Bank Ltd,Mumbai,5900,12032022,SWAMI SYNTHETICS P L,NM ON CHQ,,,
D,220315009SQS,T,C,228814,16032022,15032022,HBTRF,PUNE (NON JCBK BK & ONLY MICR CHQ) MAH,PUN,15032022,62470715,15032022,228814,1,,,055924,HDFC Bank Ltd,PUNE (NON JCBK BK & ONLY MICR CHQ) MAH,228814,08032022,LIC HOUSING,039868,,,
D,220315009SQU,T,C,1405144,16032022,15032022,HBTRF,PUNE (NON JCBK BK & ONLY MICR CHQ) MAH,PUN,15032022,62470713,15032022,1405144,1,,,055923,HDFC Bank Ltd,PUNE (NON JCBK BK & ONLY MICR CHQ) MAH,1405144,08032022,LIC HOUSING,0309868,,,
D,220314001K7E,T,C,7500,15032022,14032022,LCT,Dharmapuri (TAMILNADU) 636 701,DHARMA,11032022,61256625,11032022,7500,1,,,276520,IDBI Bank Ltd,Dharmapuri (TAMILNADU) 636 701,7500,11032022,NA,NA,,,
D,220314001K7F,T,D,7500,15032022,14032022,LCT,Dharmapuri (TAMILNADU) 636 701,DHARMA,11032022,61256625,11032022,7500,1,,,276520,IDBI Bank Ltd,Dharmapuri (TAMILNADU) 636 701,7500,11032022,NA,NA,,,F009-INSUFFICIENT FUNDS
D,220314001SA4,T,C,117500,15032022,14032022,LCT,TUMKUR (NON SACR BK) KAR 572 101,TUM,11032022,62139257,11032022,117500,1,,,000768,ICICI BANK LTD,TUMKUR (NON SACR BK) KAR 572 101,117500,11032022,CHOLAMANDALAM INVESTMENT,NA,,,
D,220314001SA5,T,D,117500,15032022,14032022,LCT,TUMKUR (NON SACR BK) KAR 572 101,TUM,11032022,62139257,11032022,117500,1,,,000768,ICICI BANK LTD,TUMKUR (NON SACR BK) KAR 572 101,117500,11032022,CHOLAMANDALAM INVESTMENT,NA,,,F009-INSUFFICIENT FUNDS
D,220314002T86,T,C,7500,15032022,14032022,LCT,Delhi,Pusa Road,11032022,60694738,11032022,7500,1,,,283835,IndusInd Bank Ltd,Delhi,7500,10032022,NAVIN JAIN,206421,,,
D,220314002T87,T,D,7500,15032022,14032022,LCT,Delhi,Pusa Road,11032022,60694738,11032022,7500,1,,,283835,IndusInd Bank Ltd,Delhi,7500,10032022,NAVIN JAIN,206421,,,F009-INSUFFICIENT FUNDS
D,2203140033KA,T,C,1171708,15032022,14032022,LCT,CHENNAI,MAD$CHECHON001,11032022,65050076,11032022,1171708,1,,,988748,AXIS BANK LTD,CHENNAI,1171708,09032022,NOT AVAILABLE ON CHQ,NOT AVAILABLE ON CHQ,,,
D,2203140035AV,T,C,15000,15032022,14032022,LCT,CHENNAI,MAD$CHECHON001,11032022,51263046,11032022,22500,2,,,029985,The South Indian Bank Ltd.,CHENNAI,15000,08032022,HARIKUMAR,NOT AVAIL,,,
D,2203140035AW,T,C,7500,15032022,14032022,LCT,CHENNAI,MAD$CHECHON001,11032022,51263046,11032022,22500,2,,,000233,Karur Vysya Bank Ltd,CHENNAI,7500,08032022,RAJAN MEDICALS,NOT AVAIL,,,
D,2203140035CO,T,C,7500,15032022,14032022,LCT,CHENNAI,MAD$CHECHON001,11032022,62920298,11032022,7500,1,,,000405,ICICI BANK LTD,CHENNAI,7500,04032022,SIVASAKTHI,NOT AVAIL,,,
D,220314003EDA,T,C,1473986,15032022,14032022,LCT,Asansol (Burdwan) -W.B.- 713 301,AS,11032022,59225993,11032022,1473986,1,,,000324,BANDHAN BANK,Asansol (Burdwan) -W.B.- 713 301,1473986,02032022,NEW SHARMA TRADERS,00000000,,,
D,220314003EDB,T,D,1473986,15032022,14032022,LCT,Asansol (Burdwan) -W.B.- 713 301,AS,11032022,59225993,11032022,1473986,1,,,000324,BANDHAN BANK,Asansol (Burdwan) -W.B.- 713 301,1473986,02032022,NEW SHARMA TRADERS,00000000,,,T005-ALTERATIONS REQUIRE DRAWERS SIGNATURE
D,2203140040GH,T,C,15000,15032022,14032022,LCT,Calcutta,CAL,11032022,063622374,11032022,15000,1,,,053181,Bank of India,Calcutta,15000,09032022,PUJA NURSING CENTRE,NOT GIVEN,,,
D,220314004NYS,T,C,125730,15032022,14032022,LCT,Asansol (Burdwan) -W.B.- 713 301,AS,11032022,59225992,11032022,125730,1,,,000325,BANDHAN BANK,Asansol (Burdwan) -W.B.- 713 301,125730,02032022,NEW SHARMA TRADERS,00000000,,,
D,2203140052ZE,T,C,109947,15032022,14032022,LCT,Dhamtari (RAIPUR) Chattisgarh - 493 773,DHAM,11032022,063532702,11032022,109947,1,,,000078,Bank of Baroda,Dhamtari (RAIPUR) Chattisgarh - 493 773,109947,11032022,MO SALIM,NA,,,
D,2203140053G8,T,C,1802609,15032022,14032022,LCT,AMRAVATI MAHARASHTRA 444 601,AMRA,11032022,63644818,11032022,1802609,1,,,554959,IndusInd Bank Ltd,AMRAVATI MAHARASHTRA 444 601,1802609,11032022,HARISH TRIKOTI,XOHEAVI00001921968,,,
D,2203140053GA,T,C,3500,15032022,14032022,LCT,AMRAVATI MAHARASHTRA 444 601,AMRA,11032022,63644814,11032022,3500,1,,,000644,ICICI BANK LTD,AMRAVATI MAHARASHTRA 444 601,3500,10032022,RAMESH KARNANI,HEO1AVI00000020379,,,
D,2203140053GC,T,C,264391,15032022,14032022,LCT,AMRAVATI MAHARASHTRA 444 601,AMRA,11032022,63644817,11032022,264391,1,,,554960,IndusInd Bank Ltd,AMRAVATI MAHARASHTRA 444 601,264391,10032022,HARISH TRIKOTI,XOHEAVI00002471665,,,
D,2203140053LE,T,C,3750,15032022,14032022,LCT,AMRAVATI MAHARASHTRA 444 601,AMRA,11032022,63644819,11032022,3750,1,,,473194,YES BANK,AMRAVATI MAHARASHTRA 444 601,3750,09032022,ANANT V KUCHE,10064196,,,
D,220314005G1A,T,C,13775,15032022,14032022,LCT,GONDIA-441601(Bhandara - Maharashtra),GOND,11032022,064469204,11032022,13775,1,,,000001,UCO BANK,GONDIA-441601(Bhandara - Maharashtra),13775,10032022,GOPAL SATRAMDAS KODWANI,X0HEGNDY00004050741,,,
D,220314005LWS,T,C,5000,15032022,14032022,LCT,Bhilwara ( RAJATHAN 311 001 ),BHIL $BHILWARA017,11032022,62173584,11032022,5000,1,,,786609,Punjab and Sind Bank,Bhilwara ( RAJATHAN 311 001 ),5000,10032022,RAHUL KUMAR GARG,NM ON SL,,,
D,220314005R7O,T,C,10000,15032022,14032022,LCT,Ajmer (Rajasthan) - 305 001,AJM $ HDF1570074,11032022,61088151,11032022,10000,1,,,780942,State Bank Of India,Ajmer (Rajasthan) - 305 001,10000,02032022,VICKY,61088151,,,
D,220314005WF8,T,C,397810,15032022,14032022,LCT,Anand (for MICR) (Gujarat)  - 388 001,ANAN,11032022,58887679,11032022,397810,1,,,000077,The Kaira District Central Co-op Bank Lt,Anand (for MICR) (Gujarat)  - 388 001,397810,11032022,KALPESHBHAI H PATEL,58887679,,,
D,220314005XVA,T,C,300000,15032022,14032022,LCT,Ludhiana,LUD $ LUDHIANA0024,11032022,063754340,11032022,300000,1,,,001603,Punjab National Bank,Ludhiana,300000,11032022,MEENAKSHI,NOT AVALIABLE,,,
D,220314005XVC,T,C,8062000,15032022,14032022,LCT,Ludhiana,LUD $ LUDHIANA0024,11032022,063754342,11032022,8078786,2,,,815407,Bank of Baroda,Ludhiana,8062000,28022022,INDIA BULLS,NOT AVAILBLE,,,
D,220314005XVE,T,C,16786,15032022,14032022,LCT,Ludhiana,LUD $ LUDHIANA0024,11032022,063754342,11032022,8078786,2,,,000073,UCO BANK,Ludhiana,16786,10032022,NARINDER,HEOILIN00000007220,,,
D,220314005XVG,T,C,4920000,15032022,14032022,LCT,Ludhiana,LUD $ LUDHIANA0024,11032022,063754341,11032022,4920000,1,,,467814,IDFC BANK LTD,Ludhiana,4920000,03032022,IDFC FIRST BANK LTD,NOT AVALIABLE,,,
D,220314005XVI,T,C,950000,15032022,14032022,LCT,Ludhiana,LUD $ LUDHIANA0024,11032022,063754339,11032022,1850000,3,,,030105,Bank of India,Ludhiana,950000,10032022,NITIN,NOT AVAILABLE,,,
D,220314005XVK,T,C,550000,15032022,14032022,LCT,Ludhiana,LUD $ LUDHIANA0024,11032022,063754339,11032022,1850000,3,,,255531,State Bank Of India,Ludhiana,550000,10032022,KIRAN,NOT AVAILABLE,,,
D,220314005XVM,T,C,350000,15032022,14032022,LCT,Ludhiana,LUD $ LUDHIANA0024,11032022,063754339,11032022,1850000,3,,,001602,Punjab National Bank,Ludhiana,350000,10032022,MEENAKSHI,NOT AVAILABLE,,,
D,220314006A6Y,T,C,3750,15032022,14032022,LCT,Jaipur,NSR - NEW SANAGANER ROAD,11032022,46914854,11032022,3750,1,,,199,Bank of Baroda,Jaipur,3750,10032022,LALA RAM SHARMA,NMONCHQ,,,
D,220314006A70,T,C,16581,15032022,14032022,LCT,Jaipur,NSR - NEW SANAGANER ROAD,11032022,58989085,11032022,16581,1,,,1960,ICICI BANK LTD,Jaipur,16581,09032022,RAHUL DUTT MATHUR,NMONCHQ,,,
D,220314006NGE,T,C,21985,15032022,14032022,LCT,SURAT (MICR CHQ ONLY),SUR$SURCHOR009-1,11032022,60293025,11032022,21985,1,,,000064,City Union Bank Ltd,SURAT (MICR CHQ ONLY),21985,10032022,HITESH,NMONCHQ,,,
D,220314006PDA,T,C,3750,15032022,14032022,LCT,Udaipur- ( For NON-Micr XUDA code),UDA,11032022,58895685,11032022,3750,1,,,36388,Central Bank of India,Udaipur- ( For NON-Micr XUDA code),3750,07032022,KAILASH CHANDRA,NOT AVA,,,
D,220314006PDB,T,D,3750,15032022,14032022,LCT,Udaipur- ( For NON-Micr XUDA code),UDA,11032022,58895685,11032022,3750,1,,,36388,Central Bank of India,Udaipur- ( For NON-Micr XUDA code),3750,07032022,KAILASH CHANDRA,NOT AVA,,,F009-INSUFFICIENT FUNDS
D,220314006T0Q,T,C,3750,15032022,14032022,LCT,Warangal (warangal) Telangana 506 002,WAR,11032022,57175673,11032022,3750,1,,,92,ICICI BANK LTD,Warangal (warangal) Telangana 506 002,3750,11032022,SRI RAMA KIRANAM AND GENERAL STORES,NA,,,
D,220314006UIQ,T,C,590,15032022,14032022,LCT,NAGPUR (FOR MICR CHQ ONLY) MAH,NAGP,11032022,064448717,11032022,590,1,,,326693,Union Bank of India,NAGPUR (FOR MICR CHQ ONLY) MAH,590,09032022,NA ON CHQ,NA ON CHQ,,,
D,220314006UIS,T,C,590,15032022,14032022,LCT,NAGPUR (FOR MICR CHQ ONLY) MAH,NAGP,11032022,064448718,11032022,590,1,,,680264,State Bank Of India,NAGPUR (FOR MICR CHQ ONLY) MAH,590,09032022,NA ON CHQ,NA ON CHQ,,,
D,220314006VVG,T,C,27554,15032022,14032022,LCT,Coimbatore (Only MICR Chq),COI,10032022,064321360,10032022,27554,1,,,048781,AXIS BANK LTD,Coimbatore (Only MICR Chq),27554,09032022,ABOOBAKKAR,NM ON SLIP,,,
D,2203140074A8,T,C,15000,15032022,14032022,LCT,Salem (ONLY FOR MICR CHQ),SAL,10032022,064300521,10032022,15000,1,,,245954,Karur Vysya Bank Ltd,Salem (ONLY FOR MICR CHQ),15000,08032022,SRINIVASAN N,NAONCHQ,,,
D,220314007CBM,T,C,34823,15032022,14032022,LCT,AHMEDABAD- GUJ,AHM$AHMCHOV007-1,11032022,57737307,11032022,152638,4,,,152303,THE COSMOS CO-OP BANK LTD,AHMEDABAD- GUJ,34823,10032022,HOTEL SATLUJ,NM ON SLIP,,,
D,220314007CBO,T,C,29552,15032022,14032022,LCT,AHMEDABAD- GUJ,AHM$AHMCHOV007-1,11032022,57737307,11032022,152638,4,,,002053,Amarnath Co-op Bank Ltd,AHMEDABAD- GUJ,29552,10032022,GAMDIWALA DAIRY,NM ON SLIP,,,
D,220314007CBQ,T,C,38500,15032022,14032022,LCT,AHMEDABAD- GUJ,AHM$AHMCHOV007-1,11032022,57737307,11032022,152638,4,,,644974,State Bank Of India,AHMEDABAD- GUJ,38500,10032022,DHIRUBHAI PATEL,NM ON SLIP,,,
D,220314007CBS,T,C,49763,15032022,14032022,LCT,AHMEDABAD- GUJ,AHM$AHMCHOV007-1,11032022,57737307,11032022,152638,4,,,000737,The Bhagyodaya Co-op Bank Ltd,AHMEDABAD- GUJ,49763,10032022,GANGARAM P PATEL,NM ON SLIP,,,
D,220314007OE9,T,C,900000,15032022,14032022,LCT,TRICHY (NON TDCCB BK) TN 620 018,TRI,11032022,60556269,11032022,1875000,2,,,115999,Indian Overseas Bank,TRICHY (NON TDCCB BK) TN 620 018,900000,10032022,SHARMILA,NA,,,
D,220314007OEA,T,C,975000,15032022,14032022,LCT,TRICHY (NON TDCCB BK) TN 620 018,TRI,11032022,60556269,11032022,1875000,2,,,116000,Indian Overseas Bank,TRICHY (NON TDCCB BK) TN 620 018,975000,10032022,SHARMILA,NA,,,
D,220314007PDI,T,C,7500,15032022,14032022,LCT,PUNE (NON JCBK BK & ONLY MICR CHQ) MAH,PUN,11032022,62470711,11032022,7500,1,,,461267,Union Bank of India,PUNE (NON JCBK BK & ONLY MICR CHQ) MAH,7500,04032022,MAHAVAS PRECISION CONTROLS PVT LTD,10064153,,,
D,220314007PDK,T,C,36000,15032022,14032022,LCT,PUNE (NON JCBK BK & ONLY MICR CHQ) MAH,PUN,11032022,62470710,11032022,36000,1,,,075709,AXIS BANK LTD,PUNE (NON JCBK BK & ONLY MICR CHQ) MAH,36000,09032022,KIRTIKUMAR SHAH,NAONDEP,,,
D,220314007XRW,T,C,3750,15032022,14032022,LCT,Jodhpur,JOD,11032022,58820794,11032022,3750,1,,,698,ICICI BANK LTD,Jodhpur,3750,10032022,D K S,NM,,,
D,220314007XRZ,T,C,6920,15032022,14032022,LCT,Jodhpur,JOD,11032022,58820793,11032022,6920,1,,,333,ICICI BANK LTD,Jodhpur,6920,10032022,BAJRANG,NM,,,
D,220314007Y1I,T,C,74902,15032022,14032022,LCT,Mumbai,MUMBAI,11032022,53724183,11032022,74902,1,,,100152,Apna Sahakari Bank Ltd,Mumbai,74902,09032022,KISHOR PADHIYAR,NM ON CHQ,,,
D,220314007Y50,T,C,3750,15032022,14032022,LCT,Mumbai,MUMBAI,11032022,063122402,11032022,3750,1,,,718367,State Bank Of India,Mumbai,3750,04032022,RAJPUT DAIRY FARM,NM ON CHQ,,,
D,220314007Y52,T,C,5900,15032022,14032022,LCT,Mumbai,MUMBAI,11032022,063122401,11032022,5900,1,,,000522,ICICI BANK LTD,Mumbai,5900,04032022,RAVI MOTWANI,NM ON CHQ,,,
D,220314007YCN,T,C,614160,15032022,14032022,LCT,Mumbai,MUMBAI,11032022,063122732,11032022,640734,2,,,000479,ICICI BANK LTD,Mumbai,614160,09032022,NAVIN KUMAR AHIRWAR,NM ON CHQ,,,
D,220314007YCO,T,C,26574,15032022,14032022,LCT,Mumbai,MUMBAI,11032022,063122732,11032022,640734,2,,,100301,Abhyudaya Co-op Bank Ltd,Mumbai,26574,09032022,TULSARAM CHOUDHARY,NM ON CHQ,,,
D,22031400853O,T,C,19600,15032022,14032022,LCT,Mumbai,MUMBAI,11032022,53701026,11032022,19600,1,,,382992,PANVEL CO-OP URBAN BANK LTD,Mumbai,19600,09032022,MANISHA D LAD,NM ON CHQ,,,
D,2203140085XL,T,C,10960,15032022,14032022,LCT,Mumbai,MUMBAI,11032022,063122731,11032022,522760,2,,,039181,Mogaveera Coop. Bank Ltd.,Mumbai,10960,08032022,RANAVTAR JAISWAL,NM ON CHQ,,,
D,2203140085XM,T,C,511800,15032022,14032022,LCT,Mumbai,MUMBAI,11032022,063122731,11032022,522760,2,,,134592,ICICI BANK LTD,Mumbai,511800,08032022,FRANCIS COUNTIHAL,NM ON CHQ,,,
D,2203140086CY,T,C,107000,15032022,14032022,LCT,Mumbai,MUMBAI,11032022,53701063,11032022,107000,1,,,005325,The Chembur Nagarik Sahakari Bank Ltd,Mumbai,107000,10032022,KAMLAKAR KHARSE,NM ON CHQ,,,
D,2203140088NY,T,C,44089,15032022,14032022,LCT,Mumbai,MUMBAI,11032022,53724184,11032022,44089,1,,,100151,Apna Sahakari Bank Ltd,Mumbai,44089,09032022,KISHOR P,NMONCHQ,,,
D,220314008O8G,T,C,40000,15032022,14032022,LCT,Udaipur- ( For NON-Micr XUDA code),UDA,11032022,58895689,11032022,40000,1,,,403186,Udaipur Mahila Samridhi Urban Co Op Bank,Udaipur- ( For NON-Micr XUDA code),40000,09032022,PANKAJ,NOT AVA,,,
D,220314008VBY,T,C,61068,15032022,14032022,LCT,Amritsar ( Punjab) - 143 001,AMR $ AMRITSAR0019,11032022,064625927,11032022,61068,1,,,224646,Union Bank of India,Amritsar ( Punjab) - 143 001,61068,11032022,CHUNI,NM,,,
D,220314008VC0,T,C,27000,15032022,14032022,LCT,Amritsar ( Punjab) - 143 001,AMR $ AMRITSAR0019,11032022,064625928,11032022,27000,1,,,487,BANDHAN BANK,Amritsar ( Punjab) - 143 001,27000,09032022,DEEPAK,NM,,,
D,22031400939N,T,C,53674,15032022,14032022,LCT,BANGALORE,BAN,11032022,063899993,11032022,9513598,2,,,539856,Karnataka Bank Ltd,BANGALORE,53674,10032022,0902000100161801,0,,,
D,22031400939O,T,C,9459924,15032022,14032022,LCT,BANGALORE,BAN,11032022,063899993,11032022,9513598,2,,,313640,ICICI BANK LTD,BANGALORE,9459924,28022022,ICICI LTD HL,0,,,
D,2203140094HE,T,C,4472657,15032022,14032022,LCT,BANGALORE,BAN,11032022,063899991,11032022,4472657,1,,,549811,KOTAK MAHINDRA BANK,BANGALORE,4472657,04032022,KOTAK MAHINDRA PRIME LIMITED,0,,,
D,220314009528,T,C,17000,15032022,14032022,LCT,BANGALORE,BAN,11032022,063899990,11032022,217500,5,,,445630,State Bank Of India,BANGALORE,17000,28022022,TEJASWINI K,NA ON CHQ,,,
D,220314009529,T,C,15500,15032022,14032022,LCT,BANGALORE,BAN,11032022,063899990,11032022,217500,5,,,024668,IDBI Bank Ltd,BANGALORE,15500,11022022,SWASTHIK AND CO,NA ON CHQ,,,
D,22031400952A,T,C,18000,15032022,14032022,LCT,BANGALORE,BAN,11032022,063899990,11032022,217500,5,,,318356,IDBI Bank Ltd,BANGALORE,18000,09032022,UNIFIED SOUHARDA CREDIT,NA ON CHQ,,,
D,22031400952B,T,C,132000,15032022,14032022,LCT,BANGALORE,BAN,11032022,063899990,11032022,217500,5,,,272532,Tamilnad Mercantile Bank Ltd.,BANGALORE,132000,28022022,RAVIKUMAR M,NA ON CHQ,,,
D,22031400952C,T,C,35000,15032022,14032022,LCT,BANGALORE,BAN,11032022,063899990,11032022,217500,5,,,659734,Karnataka Bank Ltd,BANGALORE,35000,04032022,VARALAKSHMI G,NA ON CHQ,,,
D,220314009FUE,T,C,42609,15032022,14032022,LCT,AGRA (FOR MICR CHQ ONLY),AGR$AGRCHOS002,11032022,42609,11032022,42609,1,,,121069,Bank of India,AGRA (FOR MICR CHQ ONLY),42609,11032022,NIRMALA DUBEY,62253484,,,
D,220314009Q4C,T,C,3750,15032022,14032022,LCT,JALANDHAR (RBS BK-CLG SUSP-PLS REJECT),JALA,11032022,064043429,11032022,3750,1,,,510799,Union Bank of India,JALANDHAR (RBS BK-CLG SUSP-PLS REJECT),3750,11032022,AMRIK SINGH,NA ON CHQ,,,
D,220315001R9Y,T,C,37217,16032022,15032022,LCT,Mathura - 281 001 ( UP ),MAT,14032022,064235785,14032022,37217,1,,,012628,Union Bank of India,Mathura - 281 001 ( UP ),37217,11032022,ABDUL SAMAD URF NANHE KHAN,NA,,,
D,220315001R9Z,T,D,37217,16032022,15032022,LCT,Mathura - 281 001 ( UP ),MAT,14032022,064235785,14032022,37217,1,,,012628,Union Bank of India,Mathura - 281 001 ( UP ),37217,11032022,ABDUL SAMAD URF NANHE KHAN,NA,,,F009-INSUFFICIENT FUNDS
D,2203150033NC,T,C,3750,16032022,15032022,LCT,Jodhpur,JOD,14032022,58820796,14032022,3750,1,,,6,AU SMALL FINANCE BANK,Jodhpur,3750,11032022,POWER,NM,,,
D,2203150033ND,T,D,3750,16032022,15032022,LCT,Jodhpur,JOD,14032022,58820796,14032022,3750,1,,,6,AU SMALL FINANCE BANK,Jodhpur,3750,11032022,POWER,NM,,,F014-PAYMENT STOPPED BY DRAWER
D,220315003B2U,T,C,70055,15032022,15032022,LCT,SURAT (MICR CHQ ONLY),SUR$SURCHOR009-1,15032022,064810967,15032022,70055,1,,,000038,KOTAK MAHINDRA BANK,SURAT (MICR CHQ ONLY),70055,14032022,JAYSHREE,NMONCHQ,,,R001-ALTERATIONS REQUIRE DRAWERS SIGNATURE
D,220315003B2V,T,D,70055,15032022,15032022,LCT,SURAT (MICR CHQ ONLY),SUR$SURCHOR009-1,15032022,064810967,15032022,70055,1,,,000038,KOTAK MAHINDRA BANK,SURAT (MICR CHQ ONLY),70055,14032022,JAYSHREE,NMONCHQ,,,R001-ALTERATIONS REQUIRE DRAWERS SIGNATURE
D,220315003G6C,T,C,2000,16032022,15032022,LCT,Sikar (332 001) RAJ Br#3874,SIKAR,14032022,52184384,14032022,2000,1,,,810772,Punjab National Bank,Sikar (332 001) RAJ Br#3874,2000,10032022,BANWARI LAL,10064794,,,
D,220315003IRQ,T,C,43270,16032022,15032022,LCT,Patna,PATN,14032022,60468996,14032022,43270,1,,,197598,Bank of India,Patna,43270,13022022,RAJ,NM,,,
D,220315003IRR,T,D,43270,16032022,15032022,LCT,Patna,PATN,14032022,60468996,14032022,43270,1,,,197598,Bank of India,Patna,43270,13022022,RAJ,NM,,,F009-INSUFFICIENT FUNDS
D,220315003YKY,T,C,5000,16032022,15032022,LCT,Karur (TIRUCHI) TN 639001,KARUR,14032022,62198017,14032022,5000,1,,,749966,Karur Vysya Bank Ltd,Karur (TIRUCHI) TN 639001,5000,11032022,SURESH,NM,,,
D,2203150042AC,T,C,590,16032022,15032022,LCT,TRIVANDRUM ( MICR CHQ ONLY ) KERALA,TRIV,14032022,60105355,14032022,590,1,,,23256,The South Indian Bank Ltd.,TRIVANDRUM ( MICR CHQ ONLY ) KERALA,590,14032022,MUHAMMAD SHAN S,NM,,,
D,2203150042AD,T,D,590,16032022,15032022,LCT,TRIVANDRUM ( MICR CHQ ONLY ) KERALA,TRIV,14032022,60105355,14032022,590,1,,,23256,The South Indian Bank Ltd.,TRIVANDRUM ( MICR CHQ ONLY ) KERALA,590,14032022,MUHAMMAD SHAN S,NM,,,F009-INSUFFICIENT FUNDS
D,220315004APY,T,C,20000,16032022,15032022,LCT,Madurai,MADU,14032022,64567609,14032022,20000,1,,,528636,Tamilnad Mercantile Bank Ltd.,Madurai,20000,09032022,C THIRAVIYAM,NA IN CHA,,,
D,220315004AQ0,T,C,3750,16032022,15032022,LCT,Madurai,MADU,14032022,64567610,14032022,3750,1,,,000192,Karur Vysya Bank Ltd,Madurai,3750,12032022,BASKARAN K,NA IN CHA,,,
D,220315004AQ2,T,C,30000,16032022,15032022,LCT,Madurai,MADU,14032022,64567611,14032022,30000,1,,,896693,Canara Bank,Madurai,30000,29012022,KANCHIVANAM K,NA IN CHA,,,
D,220315004OO6,T,C,25000,16032022,15032022,LCT,Ajmer (Rajasthan) - 305 001,AJM $ HDF1570074,14032022,61088153,14032022,25000,1,,,560595,State Bank Of India,Ajmer (Rajasthan) - 305 001,25000,11032022,NITIN,61088153,,,
D,220315004V3C,T,C,526680,16032022,15032022,LCT,CHENNAI,MAD$CHECHON001,14032022,065050079,14032022,526680,1,,,086190,State Bank Of India,CHENNAI,526680,12032022,MALATHI,NOT AVAIL,,,
D,220315004VQ1,T,C,999500,16032022,15032022,LCT,CHENNAI,Guindy,14032022,065050078,14032022,3998000,4,,,461951,State Bank Of India,CHENNAI,999500,04032022,KALIDAS,NOT AVAVIL,,,
D,220315004VQ2,T,C,999500,16032022,15032022,LCT,CHENNAI,Guindy,14032022,065050078,14032022,3998000,4,,,461952,State Bank Of India,CHENNAI,999500,04032022,KALIDAS,NOT AVAIL,,,
D,220315004VQ3,T,C,999500,16032022,15032022,LCT,CHENNAI,Guindy,14032022,065050078,14032022,3998000,4,,,461953,State Bank Of India,CHENNAI,999500,04032022,KALIDAS,NOT AVAVIL,,,
D,220315004VQ4,T,C,999500,16032022,15032022,LCT,CHENNAI,Guindy,14032022,065050078,14032022,3998000,4,,,461954,State Bank Of India,CHENNAI,999500,04032022,KALIDAS,NOT AVAVIL,,,
D,220315004VQ8,T,C,100000,16032022,15032022,LCT,CHENNAI,Guindy,14032022,065050077,14032022,1102000,3,,,070394,City Union Bank Ltd,CHENNAI,100000,11032022,HARISH,NOT AVAVIL,,,
D,220315004VQ9,T,C,2500,16032022,15032022,LCT,CHENNAI,Guindy,14032022,065050077,14032022,1102000,3,,,461949,State Bank Of India,CHENNAI,2500,04032022,KALIDAS,NOT AVAVIL,,,
D,220315004VQA,T,C,999500,16032022,15032022,LCT,CHENNAI,Guindy,14032022,065050077,14032022,1102000,3,,,461950,State Bank Of India,CHENNAI,999500,04032022,KALIDAS,NOT AVAVIL,,,
D,22031500522W,T,C,3750,16032022,15032022,LCT,Tirunelveli 627006 (For MICR Chqs Only),TIRUN,14032022,62913183,14032022,3750,1,,,000847,Karur Vysya Bank Ltd,Tirunelveli 627006 (For MICR Chqs Only),3750,08032022,Y SINGARAYA NADAR PATTU MALIGAI,NA ON CHEQ,,,
D,220315005599,T,C,1248,16032022,15032022,LCT,Calcutta,CAL,14032022,063622375,14032022,1645214,2,,,225259,Canara Bank,Calcutta,1248,10032022,GOURI ADDYA,NOT GIVEN,,,
D,22031500559A,T,C,1643966,16032022,15032022,LCT,Calcutta,CAL,14032022,063622375,14032022,1645214,2,,,471708,Punjab National Bank,Calcutta,1643966,09032022,GOURI ADDYA,NOT GIVEN,,,
D,220315005B3G,T,C,2950,16032022,15032022,LCT,Anand (for MICR) (Gujarat)  - 388 001,ANAN,14032022,58887680,14032022,2950,1,,,000067,Bank of Baroda,Anand (for MICR) (Gujarat)  - 388 001,2950,11032022,B B JAIN,NM,,,
D,220315005K94,T,C,500000,16032022,15032022,LCT,Raipur,RAIP,14032022,063566192,14032022,500000,1,,,9,Bank of Baroda,Raipur,500000,11032022,GAYATRI,NM,,,
D,220315005K95,T,D,500000,16032022,15032022,LCT,Raipur,RAIP,14032022,063566192,14032022,500000,1,,,9,Bank of Baroda,Raipur,500000,11032022,GAYATRI,NM,,,F009-INSUFFICIENT FUNDS
D,220315005N9S,T,C,213180,16032022,15032022,LCT,Rajkot - Gujarat,RAJK$RAJCHOR002-1,14032022,64226596,14032022,213180,1,,,622,KOTAK MAHINDRA BANK,Rajkot - Gujarat,213180,11032022,TARABEN PATEL,0,,,
D,220315005N9T,T,D,213180,16032022,15032022,LCT,Rajkot - Gujarat,RAJK$RAJCHOR002-1,14032022,64226596,14032022,213180,1,,,622,KOTAK MAHINDRA BANK,Rajkot - Gujarat,213180,11032022,TARABEN PATEL,0,,,F009-INSUFFICIENT FUNDS
D,220315005U88,T,C,71705,16032022,15032022,LCT,SURAT (MICR CHQ ONLY),SUR$SURCHOR009-1,14032022,064810956,14032022,71705,1,,,000569,ICICI BANK LTD,SURAT (MICR CHQ ONLY),71705,06032022,NARESH,NMONCHQ,,,
D,220315005U89,T,D,71705,16032022,15032022,LCT,SURAT (MICR CHQ ONLY),SUR$SURCHOR009-1,14032022,064810956,14032022,71705,1,,,000569,ICICI BANK LTD,SURAT (MICR CHQ ONLY),71705,06032022,NARESH,NMONCHQ,,,F009-INSUFFICIENT FUNDS
D,220315005U96,T,C,104000,16032022,15032022,LCT,SURAT (MICR CHQ ONLY),SUR$SURCHOR009-1,14032022,064810955,14032022,3365972,5,,,000143,KOTAK MAHINDRA BANK,SURAT (MICR CHQ ONLY),104000,11032022,DAMJI,NM ON CHQ,,,
D,220315005U97,T,D,104000,16032022,15032022,LCT,SURAT (MICR CHQ ONLY),SUR$SURCHOR009-1,14032022,064810955,14032022,3365972,5,,,000143,KOTAK MAHINDRA BANK,SURAT (MICR CHQ ONLY),104000,11032022,DAMJI,NM ON CHQ,,,T029-DRAWERS SIGN DIFFERS FROM SPECIMEN
D,220315005U9A,T,C,10000,16032022,15032022,LCT,SURAT (MICR CHQ ONLY),SUR$SURCHOR009-1,14032022,064810953,14032022,10000,1,,,000089,Jana Small Finance Bank,SURAT (MICR CHQ ONLY),10000,11032022,AMIT BHESANIYA,NM ON CHQ,,,
D,220315005U9B,T,D,10000,16032022,15032022,LCT,SURAT (MICR CHQ ONLY),SUR$SURCHOR009-1,14032022,064810953,14032022,10000,1,,,000089,Jana Small Finance Bank,SURAT (MICR CHQ ONLY),10000,11032022,AMIT BHESANIYA,NM ON CHQ,,,F009-INSUFFICIENT FUNDS
D,220315005WCB,T,C,1671837,16032022,15032022,LCT,Coimbatore (Only MICR Chq),COI,11032022,064321363,11032022,1750353,2,,,000910,EQUITAS SMALL FINANCE BANK,Coimbatore (Only MICR Chq),1671837,28022022,HARIHARSUNDAR P,NM ON  SLIP,,,
D,220315005WCC,T,C,78516,16032022,15032022,LCT,Coimbatore (Only MICR Chq),COI,11032022,064321363,11032022,1750353,2,,,000061,Bank of Baroda,Coimbatore (Only MICR Chq),78516,10032022,HARIHARASUDHAN A,NM ON SLIP,,,
D,220315005WGW,T,C,7500,16032022,15032022,LCT,Coimbatore (Only MICR Chq),COI,11032022,064321362,11032022,7500,1,,,000548,City Union Bank Ltd,Coimbatore (Only MICR Chq),7500,08032022,BABY,NM ON SLIP,,,
D,220315005WGZ,T,C,7500,16032022,15032022,LCT,Coimbatore (Only MICR Chq),COI,11032022,064321361,11032022,15000,2,,,440567,Tamilnad Mercantile Bank Ltd.,Coimbatore (Only MICR Chq),7500,09032022,RAJAGURU,NM ON SLIP,,,
D,220315005WH0,T,C,7500,16032022,15032022,LCT,Coimbatore (Only MICR Chq),COI,11032022,064321361,11032022,15000,2,,,006646,Central Bank of India,Coimbatore (Only MICR Chq),7500,07032022,PALANISAMY G,NM ON SLIP,,,
D,220315005WIQ,T,C,660073,16032022,15032022,LCT,Coimbatore (Only MICR Chq),COI,14032022,064321365,14032022,700000,2,,,255689,State Bank Of India,Coimbatore (Only MICR Chq),660073,11032022,RAJAMANI B,NM ON SLIP,,,
D,220315005WIS,T,C,39927,16032022,15032022,LCT,Coimbatore (Only MICR Chq),COI,14032022,064321365,14032022,700000,2,,,255688,State Bank Of India,Coimbatore (Only MICR Chq),39927,11032022,RAJAMANI B,NM ON SLIP,,,
D,220315005WIU,T,C,2000,16032022,15032022,LCT,Coimbatore (Only MICR Chq),COI,14032022,064321366,14032022,2000,1,,,202544,State Bank Of India,Coimbatore (Only MICR Chq),2000,10032022,ARUMUGAM P,NM ON SLIP,,,
D,220315005WIW,T,C,7500,16032022,15032022,LCT,Coimbatore (Only MICR Chq),COI,14032022,064321367,14032022,7500,1,,,989205,Indian Bank,Coimbatore (Only MICR Chq),7500,11032022,G GUNASUNDARI,NM ON SLIP,,,
D,220315005Z42,T,C,397500,16032022,15032022,LCT,Rajkot - Gujarat,RAJK$RAJCHOR002-1,14032022,64226595,14032022,397500,1,,,10142,AXIS BANK LTD,Rajkot - Gujarat,397500,12032022,ARJUN MISTRY,0,,,
D,2203150067UW,T,C,3750,16032022,15032022,LCT,Mumbai,MUMBAI,14032022,063122406,14032022,7500,2,,,262495,Dombivili Nagari Sahakari Bank Ltd,Mumbai,3750,10032022,MANGESH SARAF,NM ON CHQ,,,
D,2203150067UX,T,D,3750,16032022,15032022,LCT,Mumbai,MUMBAI,14032022,063122406,14032022,7500,2,,,262495,Dombivili Nagari Sahakari Bank Ltd,Mumbai,3750,10032022,MANGESH SARAF,NM ON CHQ,,,F009-INSUFFICIENT FUNDS
D,2203150067V0,T,C,5900,16032022,15032022,LCT,Mumbai,MUMBAI,14032022,063122407,14032022,13400,2,,,777047,YES BANK,Mumbai,5900,08032022,CYPRESS,NM ON CHQ,,,
D,2203150067V1,T,D,5900,16032022,15032022,LCT,Mumbai,MUMBAI,14032022,063122407,14032022,13400,2,,,777047,YES BANK,Mumbai,5900,08032022,CYPRESS,NM ON CHQ,,,F014-PAYMENT STOPPED BY DRAWER
D,220315006AZO,T,C,35000,16032022,15032022,LCT,Indore,IND,14032022,60870439,14032022,35000,1,,,527961,IDFC BANK LTD,Indore,35000,08032022,MR. MANMOHIT MOURYA,10061185,,,
D,220315006LKK,T,C,34156,16032022,15032022,LCT,NAGPUR (FOR MICR CHQ ONLY) MAH,NAGP,14032022,63224981,14032022,34156,1,,,14866,AXIS BANK LTD,NAGPUR (FOR MICR CHQ ONLY) MAH,34156,12032022,NA ON CHQ,NA ON CHQ,,,
D,220315006LKS,T,C,17000,16032022,15032022,LCT,NAGPUR (FOR MICR CHQ ONLY) MAH,NAGP,14032022,63203569,14032022,17000,1,,,18,KOTAK MAHINDRA BANK,NAGPUR (FOR MICR CHQ ONLY) MAH,17000,11032022,NA ON CHQ,NA ON CHQ,,,
D,220315006O2V,T,C,3750,16032022,15032022,LCT,Jodhpur,JOD,14032022,58820795,14032022,3750,1,,,351723,State Bank Of India,Jodhpur,3750,11032022,RAJENDRA,NM,,,
D,220315006Q1Q,T,C,20000,16032022,15032022,LCT,JABALPUR - (M.P.) 482002,JAB,14032022,63171389,14032022,20000,1,,,174641,Bank of Baroda,JABALPUR - (M.P.) 482002,20000,07022022,CHAITRAM SIGOTIYA,NM,,,
D,220315006RZW,T,C,7500,16032022,15032022,LCT,Delhi,Pusa Road,14032022,60694741,14032022,7500,1,,,001719,Punjab and Sind Bank,Delhi,7500,10032022,SHAH APPARTMENTS AND DEVELOPERS PVT LTD,10063864,,,
D,220315006RZY,T,C,3750,16032022,15032022,LCT,Delhi,Pusa Road,14032022,60694740,14032022,3750,1,,,213257,THE NAINITAL BANK LTD.,Delhi,3750,11032022,SANAJY KUMAR,10064796,,,
D,220315006WGM,T,C,19425,16032022,15032022,LCT,Patna,PATN,14032022,60468995,14032022,19425,1,,,000001,KOTAK MAHINDRA BANK,Patna,19425,12032022,NEW MEDICINE,NM,,,
D,220315007430,T,C,58550,16032022,15032022,LCT,TRICHY (NON TDCCB BK) TN 620 018,TRI,14032022,60556271,14032022,58550,1,,,616170,Indian Overseas Bank,TRICHY (NON TDCCB BK) TN 620 018,58550,12032022,NA,NMM IN CHALLAN,,,
D,220315007432,T,C,20000,16032022,15032022,LCT,TRICHY (NON TDCCB BK) TN 620 018,TRI,14032022,60556272,14032022,20000,1,,,210527,Indian Overseas Bank,TRICHY (NON TDCCB BK) TN 620 018,20000,24022022,NA,NMM IN CHALLAN,,,
D,22031500746Z,T,C,5000,16032022,15032022,LCT,TRICHY (NON TDCCB BK) TN 620 018,TRI,14032022,60538522,14032022,10000,2,,,772663,State Bank Of India,TRICHY (NON TDCCB BK) TN 620 018,5000,10032022,RAMAN C,NMM IN  CHALLAN,,,
D,220315007470,T,C,5000,16032022,15032022,LCT,TRICHY (NON TDCCB BK) TN 620 018,TRI,14032022,60538522,14032022,10000,2,,,772700,State Bank Of India,TRICHY (NON TDCCB BK) TN 620 018,5000,10032022,RAVICHANDRAN,NMM IN CHALLAN,,,
D,220315007C0U,T,C,3750,16032022,15032022,LCT,Jaipur,NSR - NEW SANAGANER ROAD,14032022,46914855,14032022,3750,1,,,775493,Punjab National Bank,Jaipur,3750,09032022,OMPRAKASH SARAF,NMONCHQ,,,
D,220315007DQ6,T,C,7500,16032022,15032022,LCT,AMRAVATI MAHARASHTRA 444 601,AMRA,14032022,63644820,14032022,7500,1,,,001066,ICICI BANK LTD,AMRAVATI MAHARASHTRA 444 601,7500,26022022,RAJESH YADAV,10061507,,,
D,220315007DQ8,T,C,17260,16032022,15032022,LCT,AMRAVATI MAHARASHTRA 444 601,AMRA,14032022,63644821,14032022,17260,1,,,133022,Indian Bank,AMRAVATI MAHARASHTRA 444 601,17260,11032022,ASHOK WARHEKAR,HEOZAVI00000003036,,,
D,220315007R5A,T,C,164000,16032022,15032022,LCT,SURAT (MICR CHQ ONLY),SUR$SURCHOR009-1,14032022,064810952,14032022,164000,1,,,997551,IndusInd Bank Ltd,SURAT (MICR CHQ ONLY),164000,11032022,MERAMAN,NM ON CHQ,,,
D,220315007R5C,T,C,3750,16032022,15032022,LCT,SURAT (MICR CHQ ONLY),SUR$SURCHOR009-1,14032022,064810958,14032022,3750,1,,,344303,Central Bank of India,SURAT (MICR CHQ ONLY),3750,12032022,NILESH,NM ON CHQ,,,
D,220315007R96,T,C,298300,16032022,15032022,LCT,SURAT (MICR CHQ ONLY),SUR$SURCHOR009-1,14032022,064810959,14032022,298300,1,,,207573,The Varachha Co-op. Bank Ltd,SURAT (MICR CHQ ONLY),298300,14032022,BABUBHAI MORADIYA,NMONCHQ,,,
D,220315007REO,T,C,100000,16032022,15032022,LCT,SURAT (MICR CHQ ONLY),SUR$SURCHOR009-1,14032022,064810951,14032022,2284530,5,,,000070,Bank of Baroda,SURAT (MICR CHQ ONLY),100000,10032022,PRAGNA,NM ON CHQ,,,
D,220315007REQ,T,C,499000,16032022,15032022,LCT,SURAT (MICR CHQ ONLY),SUR$SURCHOR009-1,14032022,064810951,14032022,2284530,5,,,000006,KOTAK MAHINDRA BANK,SURAT (MICR CHQ ONLY),499000,09032022,PRAGNA,NM ON CHQ,,,
D,220315007RER,T,C,499000,16032022,15032022,LCT,SURAT (MICR CHQ ONLY),SUR$SURCHOR009-1,14032022,064810951,14032022,2284530,5,,,000007,KOTAK MAHINDRA BANK,SURAT (MICR CHQ ONLY),499000,09032022,PRAGNA,NM ON CHQ,,,
D,220315007RET,T,C,200000,16032022,15032022,LCT,SURAT (MICR CHQ ONLY),SUR$SURCHOR009-1,14032022,064810951,14032022,2284530,5,,,236334,The Surat People's Co-op Bank Ltd.,SURAT (MICR CHQ ONLY),200000,09032022,PRAGNA,NM ON CHQ,,,
D,220315007REU,T,C,986530,16032022,15032022,LCT,SURAT (MICR CHQ ONLY),SUR$SURCHOR009-1,14032022,064810951,14032022,2284530,5,,,167265,IDBI Bank Ltd,SURAT (MICR CHQ ONLY),986530,09032022,PRAGNA,NM ON CHQ,,,
D,220315007RMV,T,C,2968440,16032022,15032022,LCT,SURAT (MICR CHQ ONLY),SUR$SURCHOR009-1,14032022,064810955,14032022,3365972,5,,,227045,Bank of India,SURAT (MICR CHQ ONLY),2968440,11032022,DHAVAL,NM ON CHQ,,,
D,220315007RMW,T,C,246437,16032022,15032022,LCT,SURAT (MICR CHQ ONLY),SUR$SURCHOR009-1,14032022,064810955,14032022,3365972,5,,,653618,AXIS BANK LTD,SURAT (MICR CHQ ONLY),246437,10032022,ALPESH,NM ON CHQ,,,
D,220315007RMX,T,C,40000,16032022,15032022,LCT,SURAT (MICR CHQ ONLY),SUR$SURCHOR009-1,14032022,064810955,14032022,3365972,5,,,298263,Akhand Aanand Co-op Bank Ltd.,SURAT (MICR CHQ ONLY),40000,11032022,ANKIT,NM ON CHQ,,,
D,220315007RMY,T,C,7095,16032022,15032022,LCT,SURAT (MICR CHQ ONLY),SUR$SURCHOR009-1,14032022,064810955,14032022,3365972,5,,,000002,Surat National Co-operative Bank Ltd.,SURAT (MICR CHQ ONLY),7095,12032022,YOGESH,NM ON CHQ,,,
D,220315007RUE,T,C,114014,16032022,15032022,LCT,SURAT (MICR CHQ ONLY),SUR$SURCHOR009-1,14032022,064810960,14032022,114014,1,,,036781,AXIS BANK LTD,SURAT (MICR CHQ ONLY),114014,14032022,GLOBAL TEXO FAB,NMONCHQ,,,
D,220315007RUH,T,C,500000,16032022,15032022,LCT,SURAT (MICR CHQ ONLY),SUR$SURCHOR009-1,14032022,064810954,14032022,940840,2,,,653110,Bank of Baroda,SURAT (MICR CHQ ONLY),500000,04032022,UPENDRA SHAH,NMONCHQ,,,
D,220315007RUI,T,C,440840,16032022,15032022,LCT,SURAT (MICR CHQ ONLY),SUR$SURCHOR009-1,14032022,064810954,14032022,940840,2,,,653114,Bank of Baroda,SURAT (MICR CHQ ONLY),440840,11032022,UPENDRA SHAH,NMONCHQ,,,
D,220315007RWK,T,C,35602,16032022,15032022,LCT,SURAT (MICR CHQ ONLY),SUR$SURCHOR009-1,14032022,064810957,14032022,35602,1,,,219760,Central Bank of India,SURAT (MICR CHQ ONLY),35602,12032022,CHANDAN,NMONCHQ,,,
D,220315007UJO,T,C,44552,16032022,15032022,LCT,Raipur,RAIP,14032022,063566191,14032022,44552,1,,,2762,CHATTISGARH RAJYA GRAMIN BANK,Raipur,44552,12032022,AARTI,NM,,,
D,220315007UNY,T,C,5567,16032022,15032022,LCT,Raipur,RAIP,14032022,063567791,14032022,5567,1,,,727952,Punjab National Bank,Raipur,5567,11032022,SUBHRAJIT,NM,,,
D,220315007UO1,T,C,6569,16032022,15032022,LCT,Raipur,RAIP,14032022,063567792,14032022,19429,2,,,727955,Punjab National Bank,Raipur,6569,11032022,SUBHRAJIT,NM,,,
D,220315007UO2,T,C,12860,16032022,15032022,LCT,Raipur,RAIP,14032022,063567792,14032022,19429,2,,,727954,Punjab National Bank,Raipur,12860,11032022,SUBHRAJIT,NM,,,
D,220315007UO4,T,C,1308810,16032022,15032022,LCT,Raipur,RAIP,14032022,063567789,14032022,1308810,1,,,606625,YES BANK,Raipur,1308810,07032022,NOT MWNTION,NM,,,
D,220315007UO7,T,C,6549576,16032022,15032022,LCT,Raipur,RAIP,14032022,063567790,14032022,8972340,2,,,606624,YES BANK,Raipur,6549576,07032022,NOT MENTIONED,NM,,,
D,220315007UO8,T,C,2422764,16032022,15032022,LCT,Raipur,RAIP,14032022,063567790,14032022,8972340,2,,,606626,YES BANK,Raipur,2422764,07032022,NOT MENTIONED,NOT MENTIONED,,,
D,220315007W9C,T,C,32093,16032022,15032022,LCT,Ranchi ( For MICR Chqs Only),RAN,14032022,56588579,14032022,32093,1,,,125043,Bank of India,Ranchi ( For MICR Chqs Only),32093,12032022,manoj kr,nm,,,
D,22031500838I,T,C,1000000,16032022,15032022,LCT,PUNE (NON JCBK BK & ONLY MICR CHQ) MAH,PUN,14032022,62470712,14032022,2491240,4,,,534680,Rajarshi Shahu Sahakari Bank Ltd.,PUNE (NON JCBK BK & ONLY MICR CHQ) MAH,1000000,10032022,NACHQ,000,,,
D,22031500838K,T,C,474130,16032022,15032022,LCT,PUNE (NON JCBK BK & ONLY MICR CHQ) MAH,PUN,14032022,62470712,14032022,2491240,4,,,599220,Rajarshi Shahu Sahakari Bank Ltd.,PUNE (NON JCBK BK & ONLY MICR CHQ) MAH,474130,10032022,NACHQ,0000,,,
D,22031500838M,T,C,1000000,16032022,15032022,LCT,PUNE (NON JCBK BK & ONLY MICR CHQ) MAH,PUN,14032022,62470712,14032022,2491240,4,,,534679,Rajarshi Shahu Sahakari Bank Ltd.,PUNE (NON JCBK BK & ONLY MICR CHQ) MAH,1000000,10032022,NACHQ,0,,,
D,22031500838O,T,C,17110,16032022,15032022,LCT,PUNE (NON JCBK BK & ONLY MICR CHQ) MAH,PUN,14032022,62470712,14032022,2491240,4,,,103434,The Kalyan Janata Sahakari Bank Ltd,PUNE (NON JCBK BK & ONLY MICR CHQ) MAH,17110,10032022,PRASAD HEALTHCARE,0000,,,
D,2203150087GK,T,C,3750,16032022,15032022,LCT,Bhilwara ( RAJATHAN 311 001 ),BHIL $BHILWARA017,14032022,62173585,14032022,3750,1,,,480485,State Bank Of India,Bhilwara ( RAJATHAN 311 001 ),3750,11032022,ARJUN KUMAR TIKYANI,NMON SL,,,
D,2203150087GO,T,C,9795,16032022,15032022,LCT,Bhilwara ( RAJATHAN 311 001 ),BHIL $BHILWARA017,14032022,62173589,14032022,9795,1,,,440234,YES BANK,Bhilwara ( RAJATHAN 311 001 ),9795,12032022,ABHISHEK JAIN,NM ON SL,,,
D,2203150087GV,T,C,2023995,16032022,15032022,LCT,Bhilwara ( RAJATHAN 311 001 ),BHIL $BHILWARA017,14032022,62173586,14032022,4720401,2,,,835463,IndusInd Bank Ltd,Bhilwara ( RAJATHAN 311 001 ),2023995,08032022,DD,X0HEBIW00003446374,,,
D,2203150087GX,T,C,2696406,16032022,15032022,LCT,Bhilwara ( RAJATHAN 311 001 ),BHIL $BHILWARA017,14032022,62173586,14032022,4720401,2,,,835461,IndusInd Bank Ltd,Bhilwara ( RAJATHAN 311 001 ),2696406,08032022,DD,X0HEBIW00002708090,,,
D,2203150087H2,T,C,862896,16032022,15032022,LCT,Bhilwara ( RAJATHAN 311 001 ),BHIL $BHILWARA017,14032022,62173587,14032022,862896,1,,,835462,IndusInd Bank Ltd,Bhilwara ( RAJATHAN 311 001 ),862896,08032022,DD,HE02BIW00000003652,,,
D,2203150087H6,T,C,39474,16032022,15032022,LCT,Bhilwara ( RAJATHAN 311 001 ),BHIL $BHILWARA017,14032022,62173588,14032022,39474,1,,,440233,YES BANK,Bhilwara ( RAJATHAN 311 001 ),39474,12032022,ABHISHEK JAIN,NM ON SL,,,
D,220315008EI7,T,C,8810,16032022,15032022,LCT,AHMEDABAD- GUJ,AHM$AHMCHOV007-1,14032022,57737308,14032022,10090807,4,,,159,The Karnavati Co-op Bank Ltd,AHMEDABAD- GUJ,8810,08032022,JEWEL ANODIZING WORKS,0,,,
D,220315008EI8,T,C,9324000,16032022,15032022,LCT,AHMEDABAD- GUJ,AHM$AHMCHOV007-1,14032022,57737308,14032022,10090807,4,,,809711,AXIS BANK LTD,AHMEDABAD- GUJ,9324000,28022022,VALUE RECEIVED,0,,,
D,220315008EI9,T,C,48010,16032022,15032022,LCT,AHMEDABAD- GUJ,AHM$AHMCHOV007-1,14032022,57737308,14032022,10090807,4,,,54,UCO BANK,AHMEDABAD- GUJ,48010,10032022,SAJAVAT FURNISHING,0,,,
D,220315008EIA,T,C,709987,16032022,15032022,LCT,AHMEDABAD- GUJ,AHM$AHMCHOV007-1,14032022,57737308,14032022,10090807,4,,,309878,State Bank Of India,AHMEDABAD- GUJ,709987,08032022,SAKAR HEALTHCARE LTD,0,,,
D,220315008EID,T,C,3200000,16032022,15032022,LCT,AHMEDABAD- GUJ,AHM$AHMCHOV007-1,14032022,57737309,14032022,3203750,2,,,56,The Ahmedabad Dist Co-op Bank Ltd,AHMEDABAD- GUJ,3200000,14032022,HARDIKKUMAR I PRAJAPATI,0,,,
D,220315008EIE,T,C,3750,16032022,15032022,LCT,AHMEDABAD- GUJ,AHM$AHMCHOV007-1,14032022,57737309,14032022,3203750,2,,,703,Bank of Baroda,AHMEDABAD- GUJ,3750,09032022,HARISH NARENDRA RAVAL,0,,,
D,220315008H76,T,C,31753,16032022,15032022,LCT,Gwalior,GWA$GWACHOJ001,14032022,57686480,14032022,31753,1,,,207650,Canara Bank,Gwalior,31753,12032022,MAMA TYRE,NA,,,
D,220315008H78,T,C,71520,16032022,15032022,LCT,Gwalior,GWA$GWACHOJ001,14032022,57686479,14032022,71520,1,,,207649CB,Canara Bank,Gwalior,71520,12032022,MAMA TYRE,NA,,,
D,220315008H7Y,T,C,7500,16032022,15032022,LCT,Gwalior,GWA$GWACHOJ001,14032022,57686429,14032022,7500,1,,,207647,Canara Bank,Gwalior,7500,09032022,MAMA TYRE,NA,,,
D,220315008VIQ,T,C,3750,16032022,15032022,LCT,Mumbai,MUMBAI,14032022,063122405,14032022,3750,1,,,149737,Indian Bank,Mumbai,3750,09032022,ASHA PAPRUNIA/ R R PAPRUNIA,NM ON CHQ,,,
D,220315008ZQM,T,C,3800,16032022,15032022,LCT,Mumbai,MUMBAI,14032022,063172452,14032022,13500,3,,,545543,Punjab National Bank,Mumbai,3800,10032022,RAJESH,NM ON CHQ,,,
D,220315008ZQN,T,C,5900,16032022,15032022,LCT,Mumbai,MUMBAI,14032022,063172452,14032022,13500,3,,,000041,KOTAK MAHINDRA BANK,Mumbai,5900,11032022,VIKASHINI,NM ON CHQ,,,
D,220315008ZQO,T,C,3800,16032022,15032022,LCT,Mumbai,MUMBAI,14032022,063172452,14032022,13500,3,,,100182,JANASEVA SAHAKARI BANK (BORIVALI) LTD.,Mumbai,3800,10032022,SONI,NM ON CHQ,,,
D,220315008ZQQ,T,C,7500,16032022,15032022,LCT,Mumbai,MUMBAI,14032022,063172451,14032022,7500,1,,,367781,Janta Sahakari Bank Ltd; Pune,Mumbai,7500,09032022,SHREE BAL,NM ON CHQ,,,
D,2203150090Y9,T,C,1023172,16032022,15032022,LCT,Mumbai,MUMBAI,14032022,063122733,14032022,13628748,4,,,006946,ICICI BANK LTD,Mumbai,1023172,10032022,PRIYANKA KHEDKAR,NM ON CHQ,,,
D,2203150090YA,T,C,1812039,16032022,15032022,LCT,Mumbai,MUMBAI,14032022,063122733,14032022,13628748,4,,,000019,KOTAK MAHINDRA BANK,Mumbai,1812039,10032022,PRADIP KUMAR,NM ON CHQ,,,
D,2203150090YB,T,C,3204255,16032022,15032022,LCT,Mumbai,MUMBAI,14032022,063122733,14032022,13628748,4,,,996608,Development Credit Bank Ltd,Mumbai,3204255,10032022,HIRDAY SINGH,NM ON CHQ,,,
D,2203150090YC,T,C,7589282,16032022,15032022,LCT,Mumbai,MUMBAI,14032022,063122733,14032022,13628748,4,,,064640,the saraswat co-operative bank ltd,Mumbai,7589282,04032022,DEEPA PATESARIA,NM ON CHQ,,,
D,22031500914W,T,C,7500,16032022,15032022,LCT,Mumbai,MUMBAI,14032022,063122407,14032022,13400,2,,,621797,Bank of India,Mumbai,7500,08032022,RUDRA JEWELLERS,NM ON CHQ,,,
D,22031500914Y,T,C,3750,16032022,15032022,LCT,Mumbai,MUMBAI,14032022,063122406,14032022,7500,2,,,604722,Gopinath Patil Parsik Janata Sah Bk Ltd.,Mumbai,3750,09032022,R P SYNTHETICS,NM ON CHQ,,,
D,220315009850,T,C,11500,16032022,15032022,LCT,AGRA (FOR MICR CHQ ONLY),AGR$AGRCHOS002,14032022,62270579,14032022,11500,1,,,000061,Bank of India,AGRA (FOR MICR CHQ ONLY),11500,02032022,SANJAY,0,,,
D,220315009854,T,C,11470,16032022,15032022,LCT,AGRA (FOR MICR CHQ ONLY),AGR$AGRCHOS002,14032022,62270578,14032022,55890,3,,,755875,Indian Bank,AGRA (FOR MICR CHQ ONLY),11470,08032022,AKARAM,0,,,
D,220315009855,T,C,26420,16032022,15032022,LCT,AGRA (FOR MICR CHQ ONLY),AGR$AGRCHOS002,14032022,62270578,14032022,55890,3,,,755877,Indian Bank,AGRA (FOR MICR CHQ ONLY),26420,11032022,MUKESH,0,,,
D,220315009856,T,C,18000,16032022,15032022,LCT,AGRA (FOR MICR CHQ ONLY),AGR$AGRCHOS002,14032022,62270578,14032022,55890,3,,,567524,Punjab National Bank,AGRA (FOR MICR CHQ ONLY),18000,07032022,MITHLESH,0,,,
D,220315009B13,T,C,10000,16032022,15032022,LCT,VIJAYAWADA(NON GDCCB/SWCUB/SMCUB)MICR CH,VIJ,14032022,61717683,14032022,21000,2,,,003390,IDBI Bank Ltd,VIJAYAWADA(NON GDCCB/SWCUB/SMCUB)MICR CH,10000,23022022,CIFCO,NM,,,
D,220315009B14,T,C,11000,16032022,15032022,LCT,VIJAYAWADA(NON GDCCB/SWCUB/SMCUB)MICR CH,VIJ,14032022,61717683,14032022,21000,2,,,016450,IDBI Bank Ltd,VIJAYAWADA(NON GDCCB/SWCUB/SMCUB)MICR CH,11000,24022022,CIFCO,NM,,,
D,220315009B18,T,C,21000,16032022,15032022,LCT,VIJAYAWADA(NON GDCCB/SWCUB/SMCUB)MICR CH,VIJ,14032022,61717684,14032022,40000,3,,,532624,Indian Bank,VIJAYAWADA(NON GDCCB/SWCUB/SMCUB)MICR CH,21000,02032022,CIFCO,NM,,,
D,220315009B19,T,C,12500,16032022,15032022,LCT,VIJAYAWADA(NON GDCCB/SWCUB/SMCUB)MICR CH,VIJ,14032022,61717684,14032022,40000,3,,,532625,Indian Bank,VIJAYAWADA(NON GDCCB/SWCUB/SMCUB)MICR CH,12500,02032022,CIFCO,NM,,,
D,220315009B1A,T,C,6500,16032022,15032022,LCT,VIJAYAWADA(NON GDCCB/SWCUB/SMCUB)MICR CH,VIJ,14032022,61717684,14032022,40000,3,,,532626,Indian Bank,VIJAYAWADA(NON GDCCB/SWCUB/SMCUB)MICR CH,6500,02032022,CIFCO,NM,,,
D,220315009MCP,T,C,42398,16032022,15032022,LCT,BANGALORE,BAN,14032022,063899994,14032022,1072982,3,,,518091,State Bank Of India,BANGALORE,42398,10032022,MAHALAINGAIAH,0,,,
D,220315009MCQ,T,C,727000,16032022,15032022,LCT,BANGALORE,BAN,14032022,063899994,14032022,1072982,3,,,646317,State Bank Of India,BANGALORE,727000,11032022,V MNAJUNATHA,0,,,
D,220315009NA9,T,C,110000,16032022,15032022,LCT,BANGALORE,BAN,14032022,063899995,14032022,210000,2,,,270433,Karnataka Bank Ltd,BANGALORE,110000,11032022,DD,000,,,
D,220315009NAA,T,C,100000,16032022,15032022,LCT,BANGALORE,BAN,14032022,063899995,14032022,210000,2,,,264376,The Federal Bank Ltd,BANGALORE,100000,08032022,DD,000,,,
D,220315009WKD,T,C,590,16032022,15032022,LCT,JALANDHAR (RBS BK-CLG SUSP-PLS REJECT),JALA,14032022,063958799,14032022,1180,2,,,000470,ICICI BANK LTD,JALANDHAR (RBS BK-CLG SUSP-PLS REJECT),590,08032022,SARABJEET,NA,,,
D,220315009WKE,T,C,590,16032022,15032022,LCT,JALANDHAR (RBS BK-CLG SUSP-PLS REJECT),JALA,14032022,063958799,14032022,1180,2,,,000471,ICICI BANK LTD,JALANDHAR (RBS BK-CLG SUSP-PLS REJECT),590,08032022,SARABJEET,NA,,,
D,220315009WKG,T,C,100000,16032022,15032022,LCT,JALANDHAR (RBS BK-CLG SUSP-PLS REJECT),JALA,14032022,063958800,14032022,100000,1,,,399751,State Bank Of India,JALANDHAR (RBS BK-CLG SUSP-PLS REJECT),100000,12032022,RAGINI CHOPRA,NA,,,
