band_id,entry_id,type_of_enrty,debit_credit_flag,entry_amount,value_date,posting_date,product_code,pickup_location,pickup_point,pickup_date,deposit_slip_number,deposit_date,deposit_amount,number_of_instruments,deposit_remarks,d1,instrument_number,drawee_bank,clearing_location,instrument_amount,instrument_date,drawer_name,e1,e2,e3,return_reason_remarks
H,21032022,22032022,,,,,,,,,,,,,,,,,,,,,,,,
D,220321001ENK,T,C,63330,21032022,21032022,CASH,Rajkot - Gujarat,RAJK$RAJCHOR002-1,21032022,17550020,21032022,63330,1,,,CASH,HDFC Bank Ltd,Rajkot - Gujarat,63330,21032022,,,,,
D,220321001R3S,T,C,24750,21032022,21032022,CASH,SURAT (MICR CHQ ONLY),SUR$SURCHOR009-1,21032022,16585906,21032022,24750,1,,,CASH,HDFC Bank Ltd,SURAT (MICR CHQ ONLY),24750,21032022,,,,,
D,220321001R3W,T,C,77034,21032022,21032022,CASH,SURAT (MICR CHQ ONLY),SUR$SURCHOR009-1,21032022,16585907,21032022,77034,1,,,CASH,HDFC Bank Ltd,SURAT (MICR CHQ ONLY),77034,21032022,,,,,
D,220321002D74,T,C,6000,21032022,21032022,CASH,Durg (491001) CG,DURG,21032022,14086008,21032022,6000,1,,,CASH,HDFC Bank Ltd,Durg (491001) CG,6000,21032022,NP,,,,
D,220321002EQ4,T,C,73700,21032022,21032022,CASH,Gwalior,GWA$GWACHOJ001,21032022,50059600,21032022,73700,1,,,CASH,HDFC Bank Ltd,Gwalior,73700,21032022,,,,,
D,220321002EQO,T,C,45500,21032022,21032022,CASH,Gwalior,GWA$GWACHOJ001,21032022,50079405,21032022,45500,1,,,CASH,HDFC Bank Ltd,Gwalior,45500,21032022,,,,,
D,220321002EQS,T,C,39500,21032022,21032022,CASH,Gwalior,GWA$GWACHOJ001,21032022,50079406,21032022,39500,1,,,CASH,HDFC Bank Ltd,Gwalior,39500,21032022,,,,,
D,2203210039HY,T,C,16000,21032022,21032022,CASH,Visakhapatnam,VIS$VIZCHOR001,21032022,015941255,21032022,16000,1,,,CASH,HDFC Bank Ltd,Visakhapatnam,16000,21032022,,,,,
D,220321003P3Q,T,C,25700,21032022,21032022,CASH,JUNAGADH (FOR BAR1 BK-NET-MUM) GUJ,JUN,21032022,16100994,21032022,25700,1,,,CASH,HDFC Bank Ltd,JUNAGADH (FOR BAR1 BK-NET-MUM) GUJ,25700,21032022,,,,,
D,220321003P42,T,C,25523,21032022,21032022,CASH,JUNAGADH (FOR BAR1 BK-NET-MUM) GUJ,JUN,21032022,16100993,21032022,25523,1,,,CASH,HDFC Bank Ltd,JUNAGADH (FOR BAR1 BK-NET-MUM) GUJ,25523,21032022,,,,,
D,220321003S5W,T,C,18970,21032022,21032022,CASH,GANDHIDHAM (NON POS) GUJ 370 201,GAN,21032022,015357534,21032022,18970,1,,,CASH,HDFC Bank Ltd,GANDHIDHAM (NON POS) GUJ 370 201,18970,21032022,,,,,
D,220321003ZYM,T,C,18298,21032022,21032022,CASH,KAKINADA (NON SRC BK)EAST GODAVAI 533001,KAK,21032022,15391837,21032022,18298,1,,,CASH,HDFC Bank Ltd,KAKINADA (NON SRC BK)EAST GODAVAI 533001,18298,21032022,,,,,
D,22032100424G,T,C,49206,21032022,21032022,CASH,Nellore (Non POS/TNCUBL)A.P. - 524 002,NEL,21032022,13170614,21032022,49206,1,,,CASH,HDFC Bank Ltd,Nellore (Non POS/TNCUBL)A.P. - 524 002,49206,21032022,CHOLAMANDALAM INVESTMENT AND FIN CO LTD,,,,
D,2203210042TE,T,C,16451,21032022,21032022,CASH,SURAT (MICR CHQ ONLY),SUR$SURCHOR009-1,21032022,16585905,21032022,16451,1,,,CASH,HDFC Bank Ltd,SURAT (MICR CHQ ONLY),16451,21032022,,,,,
D,220321004ADI,T,C,50000,21032022,21032022,CASH,Anand (for MICR) (Gujarat)  - 388 001,ANAN,21032022,11171405,21032022,50000,1,,,CASH,HDFC Bank Ltd,Anand (for MICR) (Gujarat)  - 388 001,50000,21032022,,,,,
D,220321004ADM,T,C,12050,21032022,21032022,CASH,Anand (for MICR) (Gujarat)  - 388 001,ANAN,21032022,11171404,21032022,12050,1,,,CASH,HDFC Bank Ltd,Anand (for MICR) (Gujarat)  - 388 001,12050,21032022,,,,,
D,220321004XPS,T,C,114972,21032022,21032022,CASH,AGRA (FOR MICR CHQ ONLY),AGR$AGRCHOS002,21032022,13929253,21032022,114972,1,,,CASH,HDFC Bank Ltd,AGRA (FOR MICR CHQ ONLY),114972,21032022,,,,,
D,220321004XPW,T,C,390000,21032022,21032022,CASH,AGRA (FOR MICR CHQ ONLY),AGR$AGRCHOS002,21032022,13929254,21032022,390000,1,,,CASH,HDFC Bank Ltd,AGRA (FOR MICR CHQ ONLY),390000,21032022,,,,,
D,220321005C7G,T,C,36500,21032022,21032022,CASH,AHMEDABAD- GUJ,SAKAR2 - Ellisbridge$AHMCHOS009,21032022,17713455,21032022,36500,1,,,cash,HDFC Bank Ltd,AHMEDABAD- GUJ,36500,21032022,,,,,
D,220321005FVY,T,C,64450,21032022,21032022,CASH,Madurai,MADU,21032022,16906916,21032022,64450,1,,,CASH,HDFC Bank Ltd,Madurai,64450,21032022,,,,,
D,22032100692U,T,C,28560,21032022,21032022,CASH,Mathura - 281 001 ( UP ),MAT,21032022,50036736,21032022,28560,1,,,CASH,HDFC Bank Ltd,Mathura - 281 001 ( UP ),28560,21032022,,,,,
D,220319002X4T,T,C,21808778,21032022,19032022,HBTRF,Udaipur- ( For NON-Micr XUDA code),UDA,19032022,60439153,19032022,21808778,1,,,000239,HDFC Bank Ltd,Udaipur- ( For NON-Micr XUDA code),21808778,19032022,AJIT SINGH ANAND,NA,,,
D,220319003VYZ,T,C,182781,21032022,19032022,HBTRF,Calcutta,CAL,19032022,064043831,19032022,2777553,2,,,873588,HDFC Bank Ltd,Calcutta,182781,10032022,HDBFS,NOT GIVEN,,,
D,220319003VZ0,T,C,2594772,21032022,19032022,HBTRF,Calcutta,CAL,19032022,064043831,19032022,2777553,2,,,873587,HDFC Bank Ltd,Calcutta,2594772,10032022,HDBFS,NOT GIVEN,,,
D,220319004BF5,T,C,212000,21032022,19032022,HBTRF,SURAT (MICR CHQ ONLY),SUR$SURCHOR009-1,19032022,60077460,19032022,212000,1,,,000187,HDFC Bank Ltd,SURAT (MICR CHQ ONLY),212000,19032022,NAYAN,NMONCHQ,,,
D,220319004OY4,T,C,2021859,21032022,19032022,HBTRF,Salem (ONLY FOR MICR CHQ),SAL,18032022,064296001,18032022,3204497,2,,,268398,HDFC Bank Ltd,Salem (ONLY FOR MICR CHQ),2021859,02032022,NANDRIMANICKAM,NAONCHQ,,,
D,220319004OY5,T,C,1182638,21032022,19032022,HBTRF,Salem (ONLY FOR MICR CHQ),SAL,18032022,064296001,18032022,3204497,2,,,268399,HDFC Bank Ltd,Salem (ONLY FOR MICR CHQ),1182638,02032022,NANDRIMANICKAM,NAONCHQ,,,
D,220319005V1L,T,C,3800,21032022,19032022,HBTRF,Mumbai,MUMBAI,19032022,063172459,19032022,3800,1,,,000028,HDFC Bank Ltd,Mumbai,3800,16032022,HITESH,NM ON CHQ,,,
D,220319005V1M,T,D,3800,21032022,19032022,HBTRF,Mumbai,MUMBAI,19032022,063172459,19032022,3800,1,,,000028,HDFC Bank Ltd,Mumbai,3800,16032022,HITESH,NM ON CHQ,,,F009-INSUFFICIENT FUNDS
D,220321001QCM,T,C,9550,22032022,21032022,HBTRF,PUNE (NON JCBK BK & ONLY MICR CHQ) MAH,PUN,21032022,62470720,21032022,9550,1,,,000274,HDFC Bank Ltd,PUNE (NON JCBK BK & ONLY MICR CHQ) MAH,9550,17032022,NATIONAL TRAVELS,NA ON,,,
D,220321001QCN,T,D,9550,22032022,21032022,HBTRF,PUNE (NON JCBK BK & ONLY MICR CHQ) MAH,PUN,21032022,62470720,21032022,9550,1,,,000274,HDFC Bank Ltd,PUNE (NON JCBK BK & ONLY MICR CHQ) MAH,9550,17032022,NATIONAL TRAVELS,NA ON,,,T021-CHQ IS OUT OF DATE
D,2203210020T8,T,C,2400000,22032022,21032022,HBTRF,PUNE (NON JCBK BK & ONLY MICR CHQ) MAH,PUN,21032022,62470719,21032022,2400000,1,,,047920,HDFC Bank Ltd,PUNE (NON JCBK BK & ONLY MICR CHQ) MAH,2400000,05032022,SHETTY,NA ON CHQ,,,
D,2203210056WG,T,C,624000,22032022,21032022,HBTRF,Visakhapatnam,VIS$VIZCHOR001,21032022,58077105,21032022,624000,1,,,923839,HDFC Bank Ltd,Visakhapatnam,624000,15032022,HDBFS MUMBAI,NA,,,
D,220321005FE5,T,C,4514075,22032022,21032022,HBTRF,BANGALORE,BAN,21032022,063819177,21032022,5164075,2,,,000012,HDFC Bank Ltd,BANGALORE,4514075,19032022,GURUPADASWAMY RUDRAMUNIYAPPA,0,,,
D,220321005FE6,T,C,650000,22032022,21032022,HBTRF,BANGALORE,BAN,21032022,063819177,21032022,5164075,2,,,000014,HDFC Bank Ltd,BANGALORE,650000,19032022,GURUPADASWAMY RUDRAMUNIYAPPA,0,,,
D,220321005FQQ,T,C,42010,22032022,21032022,HBTRF,Mumbai,MUMBAI,21032022,53724180,21032022,42010,1,,,000027,HDFC Bank Ltd,Mumbai,42010,17032022,JITENDRA MADHAVI,NM ON CHQ,,,
D,220321005FQR,T,D,42010,22032022,21032022,HBTRF,Mumbai,MUMBAI,21032022,53724180,21032022,42010,1,,,000027,HDFC Bank Ltd,Mumbai,42010,17032022,JITENDRA MADHAVI,NM ON CHQ,,,F009-INSUFFICIENT FUNDS
D,2203210067S2,T,C,821086,22032022,21032022,HBTRF,TRICHY (NON TDCCB BK) TN 620 018,TRI,21032022,60538525,21032022,821086,1,,,005006,HDFC Bank Ltd,TRICHY (NON TDCCB BK) TN 620 018,821086,03022022,PERIYASAMY,NA,,,
D,2203190005E4,T,C,7500,21032022,19032022,LCT,Hyderabad Telangana,AMEERPET$HYDCHOM001,16032022,062983441,17032022,101083,3,,,354195,State Bank Of India,Hyderabad Telangana,7500,09032022,RAVI KUMAR BADINI,NM,,,
D,2203190005E5,T,D,7500,21032022,19032022,LCT,Hyderabad Telangana,AMEERPET$HYDCHOM001,16032022,062983441,17032022,101083,3,,,354195,State Bank Of India,Hyderabad Telangana,7500,09032022,RAVI KUMAR BADINI,NM,,,F009-INSUFFICIENT FUNDS
D,2203190007Q2,T,C,81704,21032022,19032022,LCT,Asansol (Burdwan) -W.B.- 713 301,AS,17032022,59225994,17032022,81704,1,,,006949,Bank of Maharashtra,Asansol (Burdwan) -W.B.- 713 301,81704,17032022,MITTAL STEEL PIPE,59225994,,,
D,220319001PJR,T,C,1852202,21032022,19032022,LCT,SURAT (MICR CHQ ONLY),SUR$SURCHOR009-1,17032022,60077455,17032022,1852202,1,,,608699,Central Bank of India,SURAT (MICR CHQ ONLY),1852202,28022022,RAMESH,NMONCHQ,,,
D,220319001PJS,T,D,1852202,21032022,19032022,LCT,SURAT (MICR CHQ ONLY),SUR$SURCHOR009-1,17032022,60077455,17032022,1852202,1,,,608699,Central Bank of India,SURAT (MICR CHQ ONLY),1852202,28022022,RAMESH,NMONCHQ,,,F026-Kindly contact Drawer Drawee Bank and please present again ( CTS)
D,220319001W6R,T,C,1830000,21032022,19032022,LCT,Raipur,RAIP,17032022,063566193,17032022,1830000,1,,,502736,Punjab National Bank,Raipur,1830000,16032022,NM,NM,,,
D,22031900240R,T,C,590,21032022,19032022,LCT,AMRAVATI MAHARASHTRA 444 601,AMRA,17032022,63644823,17032022,590,1,,,653023,Punjab National Bank,AMRAVATI MAHARASHTRA 444 601,590,16032022,JAYA HARWANI,HEOIAVI00000014065,,,
D,220319002CQT,T,C,750,21032022,19032022,LCT,Jodhpur,JOD,17032022,58820799,17032022,750,1,,,784,Union Bank of India,Jodhpur,750,16032022,MAITHA,NM,,,
D,220319002PYB,T,C,2000,21032022,19032022,LCT,Cochin,COC,18032022,62227390,18032022,2000,1,,,779785,Bank of Baroda,Cochin,2000,15032022,PAUL PETER,NM,,,
D,220319002ZD9,T,C,3750,21032022,19032022,LCT,CHANDRAPUR (NON BUCC BK) 442 401,CHANDR,17032022,59135008,17032022,3750,1,,,278645,State Bank Of India,CHANDRAPUR (NON BUCC BK) 442 401,3750,15032022,BIKANERWALA RESTAURANT,59135008,,,
D,220319003415,T,C,130500,21032022,19032022,LCT,Rajkot - Gujarat,RAJK$RAJCHOR002-1,17032022,64307153,17032022,130500,1,,,322452,Canara Bank,Rajkot - Gujarat,130500,16032022,KETAN VORA,0000,,,
D,2203190035CN,T,C,50000,21032022,19032022,LCT,BILASPUR (NON BMNS BK)CG 495 001,BILAS,17032022,064054630,17032022,50000,1,,,182568,State Bank Of India,BILASPUR (NON BMNS BK)CG 495 001,50000,14032022,BHARAT MATLANI,NOT MENTIONED,,,
D,220319003AMC,T,C,3000000,21032022,19032022,LCT,Jaipur,JAI,17032022,58989090,17032022,4000000,2,,,805955,State Bank Of India,Jaipur,3000000,15032022,TANYA MULANI,0,,,
D,220319003AMD,T,C,1000000,21032022,19032022,LCT,Jaipur,JAI,17032022,58989090,17032022,4000000,2,,,805946,State Bank Of India,Jaipur,1000000,15032022,BR PARKING,0,,,
D,220319003FE9,T,C,35000,21032022,19032022,LCT,Indore,IND,17032022,60870444,17032022,35000,1,,,291838,IDFC BANK LTD,Indore,35000,16032022,PRADEEP SONI,10057567,,,
D,220319003JWL,T,C,19849,21032022,19032022,LCT,SURAT (MICR CHQ ONLY),SUR$SURCHOR009-1,17032022,60077457,17032022,19849,1,,,000029,UCO BANK,SURAT (MICR CHQ ONLY),19849,16032022,DEEPAK,NM ON CHQ,,,
D,220319003K2F,T,C,2100000,21032022,19032022,LCT,SURAT (MICR CHQ ONLY),SUR$SURCHOR009-1,17032022,60077454,17032022,2100000,1,,,707927,Bank of Baroda,SURAT (MICR CHQ ONLY),2100000,11032022,DEEPAK,NMONCHQ,,,
D,220319003M2R,T,C,5000,21032022,19032022,LCT,Karur (TIRUCHI) TN 639001,KARUR,18032022,62198023,18032022,5000,1,,,750004,Karur Vysya Bank Ltd,Karur (TIRUCHI) TN 639001,5000,17032022,SURESH,NM,,,
D,220319003SII,T,C,86083,21032022,19032022,LCT,Hyderabad Telangana,AMEERPET$HYDCHOM001,16032022,062983441,17032022,101083,3,,,045634,Bank of India,Hyderabad Telangana,86083,16032022,MANGALI LALITHABAI,NM,,,
D,220319003SIJ,T,C,7500,21032022,19032022,LCT,Hyderabad Telangana,AMEERPET$HYDCHOM001,16032022,062983441,17032022,101083,3,,,000003,UCO BANK,Hyderabad Telangana,7500,15032022,CHANDAMOLLU SUBHASH REDDY,NM,,,
D,220319003XDV,T,C,7500,21032022,19032022,LCT,Bhopal,BHO,17032022,59200918,17032022,7500,1,,,77,Bank of Baroda,Bhopal,7500,15032022,HARI NARAYAN,HARI NARAYAN,,,
D,22031900439R,T,C,1790000,21032022,19032022,LCT,AHMEDABAD- GUJ,AHM$AHMCHOV007-1,17032022,57737313,17032022,2056427,3,,,791838,AXIS BANK LTD,AHMEDABAD- GUJ,1790000,08022022,MUKESHKUMAR,0,,,
D,22031900439S,T,C,209600,21032022,19032022,LCT,AHMEDABAD- GUJ,AHM$AHMCHOV007-1,17032022,57737313,17032022,2056427,3,,,11409,IDBI Bank Ltd,AHMEDABAD- GUJ,209600,13012022,DEV ENTERPRISE,0,,,
D,22031900439T,T,C,56827,21032022,19032022,LCT,AHMEDABAD- GUJ,AHM$AHMCHOV007-1,17032022,57737313,17032022,2056427,3,,,731006,Indian Bank,AHMEDABAD- GUJ,56827,16032022,SHREE AMARKRUPA ENTERPRISE,0,,,
D,2203190046D9,T,C,70000,21032022,19032022,LCT,AHMEDABAD- GUJ,AHM$AHMCHOV007-1,17032022,57737312,17032022,70000,1,,,008871,AXIS BANK LTD,AHMEDABAD- GUJ,70000,15032022,BRAHMANI TRADERS,0,,,
D,220319004H8J,T,C,198620,21032022,19032022,LCT,Bhilwara ( RAJATHAN 311 001 ),BHIL $BHILWARA017,17032022,62173594,17032022,198620,1,,,858,Bank of Baroda,Bhilwara ( RAJATHAN 311 001 ),198620,16032022,SHAGUN FOOD COURT,NM ON SL,,,
D,220319004QXY,T,C,29554,21032022,19032022,LCT,Salem (ONLY FOR MICR CHQ),SAL,17032022,064301868,17032022,59108,2,,,082280,Central Bank of India,Salem (ONLY FOR MICR CHQ),29554,02032022,VIJAYA,NAONCHQ,,,
D,220319004QYA,T,C,29554,21032022,19032022,LCT,Salem (ONLY FOR MICR CHQ),SAL,17032022,064301868,17032022,59108,2,,,864014,Canara Bank,Salem (ONLY FOR MICR CHQ),29554,02022022,VIJAYA,NAONCHQ,,,
D,220319004VZA,T,C,5000,21032022,19032022,LCT,TRICHY (NON TDCCB BK) TN 620 018,TRI,18032022,60538524,18032022,20000,4,,,772723,State Bank Of India,TRICHY (NON TDCCB BK) TN 620 018,5000,16032022,SURESH,NMM IN CHALLAN,,,
D,220319004VZB,T,C,5000,21032022,19032022,LCT,TRICHY (NON TDCCB BK) TN 620 018,TRI,18032022,60538524,18032022,20000,4,,,772741,State Bank Of India,TRICHY (NON TDCCB BK) TN 620 018,5000,17032022,SALAI MADHAVAN,NMM IN CHALLAN,,,
D,220319004VZC,T,C,5000,21032022,19032022,LCT,TRICHY (NON TDCCB BK) TN 620 018,TRI,18032022,60538524,18032022,20000,4,,,772730,State Bank Of India,TRICHY (NON TDCCB BK) TN 620 018,5000,16032022,PERUMAL,NMM IN CHALLAN,,,
D,220319004VZD,T,C,5000,21032022,19032022,LCT,TRICHY (NON TDCCB BK) TN 620 018,TRI,18032022,60538524,18032022,20000,4,,,772729,State Bank Of India,TRICHY (NON TDCCB BK) TN 620 018,5000,16032022,SRIAJUDEEN,NMM IN CHALLAN,,,
D,220319004WNV,T,C,360000,21032022,19032022,LCT,Ludhiana,LUD $ LUDHIANA0024,17032022,063754347,17032022,360000,1,,,255530,State Bank Of India,Ludhiana,360000,16032022,KIRAN,NOT AVAILABLE ON CHQ,,,
D,220319004WNX,T,C,590,21032022,19032022,LCT,Ludhiana,LUD $ LUDHIANA0024,17032022,063709051,17032022,590,1,,,562534,Canara Bank,Ludhiana,590,17032022,ACCURATE TURNING INDIA,XOHELIN00001868511,,,
D,220319004WO5,T,C,3750,21032022,19032022,LCT,Ludhiana,LUD $ LUDHIANA0024,17032022,063754348,17032022,3750,1,,,000845,ICICI BANK LTD,Ludhiana,3750,15032022,SARDAR JEWELLERS,206442,,,
D,220319004WO9,T,C,33500,21032022,19032022,LCT,Ludhiana,LUD $ LUDHIANA0024,17032022,063754350,17032022,33500,1,,,168056,Union Bank of India,Ludhiana,33500,16032022,PARSHOTAM LAL,XOHELIN00001691786,,,
D,220319004YYD,T,C,40000,21032022,19032022,LCT,Mumbai,MUMBAI,17032022,53701064,17032022,40000,1,,,000015,Bank of Baroda,Mumbai,40000,12032022,RAKESH MADHKANTA,NM ON CHQ,,,
D,2203190050EF,T,C,15000,21032022,19032022,LCT,Mumbai,MUMBAI,17032022,063122411,17032022,15000,1,,,109801,Gopinath Patil Parsik Janata Sah Bk Ltd.,Mumbai,15000,14032022,NAVAL DALVI,NM ON CHQ,,,
D,2203190054G1,T,C,5900,21032022,19032022,LCT,Mumbai,MUMBAI,17032022,063122415,17032022,5900,1,,,054878,The South Indian Bank Ltd.,Mumbai,5900,15032022,SHABANA SALMANI,NM ON CHQ,,,
D,2203190059OX,T,C,3750,21032022,19032022,LCT,Mumbai,THANEW,17032022,063097617,17032022,3750,1,,,020410,AXIS BANK LTD,Mumbai,3750,15032022,SARITA VELLPIL,NM ON CHQ,,,
D,2203190059OZ,T,C,1180,21032022,19032022,LCT,Mumbai,THANEW,17032022,57775020,17032022,1180,1,,,132951,ICICI BANK LTD,Mumbai,1180,15032022,MANISHA,NM ON CHQ,,,
D,2203190059TH,T,C,143914,21032022,19032022,LCT,Mumbai,MUMBAI,17032022,063149112,17032022,143914,1,,,134690,The Zoroastrian Coop Bank Ltd,Mumbai,143914,13032022,DHANJI DUBARIA,NM ON CHQ,,,
D,220319005FM9,T,C,3750,21032022,19032022,LCT,BANGALORE,BAN,18032022,62164502,18032022,11250,2,,,001439,City Union Bank Ltd,BANGALORE,3750,17032022,MANJUNATH N,NAONCHQ,,,
D,220319005FMD,T,C,91687,21032022,19032022,LCT,BANGALORE,BAN,18032022,063899999,18032022,91687,1,,,000413,ICICI BANK LTD,BANGALORE,91687,17032022,NOT AVAILABLE ON CHQ,NAONCHQ,,,
D,220319005HFR,T,C,3750,21032022,19032022,LCT,AHMEDNAGAR(NON RSC BK)MAH 414 001,AHME,17032022,48528514,17032022,3750,1,,,944755,State Bank Of India,AHMEDNAGAR(NON RSC BK)MAH 414 001,3750,17032022,BALKRISHNA BABURAO KELKAR,NOTMENTION,,,
D,220319005WLN,T,C,13000,21032022,19032022,LCT,JALANDHAR (RBS BK-CLG SUSP-PLS REJECT),JALA,17032022,063998778,17032022,13000,1,,,508033,Punjab National Bank,JALANDHAR (RBS BK-CLG SUSP-PLS REJECT),13000,15032022,PARAMJIT SINGH PAUL,NA ON CHQ,,,
D,220319005WMD,T,C,12000,21032022,19032022,LCT,JALANDHAR (RBS BK-CLG SUSP-PLS REJECT),JALA,17032022,063896677,17032022,12000,1,,,557023,Punjab National Bank,JALANDHAR (RBS BK-CLG SUSP-PLS REJECT),12000,11032022,JAGTAR SINGH,NA ON CHQ,,,
D,220321000JNE,T,C,700000,21032022,21032022,LCT,Guwahati - (For MICR Chqs Only)ASSAM,GUW,17032022,65016805,17032022,3706770,5,,,013518,AXIS BANK LTD,Guwahati - (For MICR Chqs Only)ASSAM,700000,17022022,SHREE SHYAM ENTERPRISE,NM,,,
D,220321000JNF,T,D,700000,21032022,21032022,LCT,Guwahati - (For MICR Chqs Only)ASSAM,GUW,17032022,65016805,17032022,3706770,5,,,013518,AXIS BANK LTD,Guwahati - (For MICR Chqs Only)ASSAM,700000,17022022,SHREE SHYAM ENTERPRISE,NM,,,F001-ACCOUNT FREEZED / BLOCKED
D,220321000JNI,T,C,45000,21032022,21032022,LCT,Guwahati - (For MICR Chqs Only)ASSAM,GUW,17032022,65016806,17032022,1143000,5,,,021569,State Bank Of India,Guwahati - (For MICR Chqs Only)ASSAM,45000,17022022,SATISH KUMAR CHOUHAN,NM,,,
D,220321000JNJ,T,D,45000,21032022,21032022,LCT,Guwahati - (For MICR Chqs Only)ASSAM,GUW,17032022,65016806,17032022,1143000,5,,,021569,State Bank Of India,Guwahati - (For MICR Chqs Only)ASSAM,45000,17022022,SATISH KUMAR CHOUHAN,NM,,,F001-ACCOUNT FREEZED / BLOCKED
D,220321000JNM,T,C,23000,21032022,21032022,LCT,Guwahati - (For MICR Chqs Only)ASSAM,GUW,17032022,65016806,17032022,1143000,5,,,739396,State Bank Of India,Guwahati - (For MICR Chqs Only)ASSAM,23000,14032022,JAI PRAKASH VERMA,NM,,,
D,220321000JNN,T,D,23000,21032022,21032022,LCT,Guwahati - (For MICR Chqs Only)ASSAM,GUW,17032022,65016806,17032022,1143000,5,,,739396,State Bank Of India,Guwahati - (For MICR Chqs Only)ASSAM,23000,14032022,JAI PRAKASH VERMA,NM,,,F001-ACCOUNT FREEZED / BLOCKED
D,220321000JNQ,T,C,800000,21032022,21032022,LCT,Guwahati - (For MICR Chqs Only)ASSAM,GUW,17032022,65016807,17032022,4200000,3,,,968645,RBL BANK LTD/ The Ratnakar Bank Ltd,Guwahati - (For MICR Chqs Only)ASSAM,800000,14022022,BENGAL MEDICAL AGENCY,NM,,,
D,220321000JNR,T,D,800000,21032022,21032022,LCT,Guwahati - (For MICR Chqs Only)ASSAM,GUW,17032022,65016807,17032022,4200000,3,,,968645,RBL BANK LTD/ The Ratnakar Bank Ltd,Guwahati - (For MICR Chqs Only)ASSAM,800000,14022022,BENGAL MEDICAL AGENCY,NM,,,F001-ACCOUNT FREEZED / BLOCKED
D,220321000JNU,T,C,1400000,21032022,21032022,LCT,Guwahati - (For MICR Chqs Only)ASSAM,GUW,17032022,65016807,17032022,4200000,3,,,340123,UJJIVAN SMALL FINANCE BANK LTD,Guwahati - (For MICR Chqs Only)ASSAM,1400000,17022022,PAWAN KUMAR AGARWAL,NM,,,
D,220321000JNV,T,D,1400000,21032022,21032022,LCT,Guwahati - (For MICR Chqs Only)ASSAM,GUW,17032022,65016807,17032022,4200000,3,,,340123,UJJIVAN SMALL FINANCE BANK LTD,Guwahati - (For MICR Chqs Only)ASSAM,1400000,17022022,PAWAN KUMAR AGARWAL,NM,,,F014-PAYMENT STOPPED BY DRAWER
D,220321000JNY,T,C,119000,21032022,21032022,LCT,Guwahati - (For MICR Chqs Only)ASSAM,GUW,17032022,65016805,17032022,3706770,5,,,013549,AXIS BANK LTD,Guwahati - (For MICR Chqs Only)ASSAM,119000,17022022,SHREE SHYAM ENTERPRISE,NM,,,
D,220321000JNZ,T,D,119000,21032022,21032022,LCT,Guwahati - (For MICR Chqs Only)ASSAM,GUW,17032022,65016805,17032022,3706770,5,,,013549,AXIS BANK LTD,Guwahati - (For MICR Chqs Only)ASSAM,119000,17022022,SHREE SHYAM ENTERPRISE,NM,,,F001-ACCOUNT FREEZED / BLOCKED
D,220321000JO2,T,C,921104,21032022,21032022,LCT,Guwahati - (For MICR Chqs Only)ASSAM,GUW,17032022,65016805,17032022,3706770,5,,,012052,AXIS BANK LTD,Guwahati - (For MICR Chqs Only)ASSAM,921104,17022022,UTTAM KUMAR GHOSHAL,NM,,,
D,220321000JO3,T,D,921104,21032022,21032022,LCT,Guwahati - (For MICR Chqs Only)ASSAM,GUW,17032022,65016805,17032022,3706770,5,,,012052,AXIS BANK LTD,Guwahati - (For MICR Chqs Only)ASSAM,921104,17022022,UTTAM KUMAR GHOSHAL,NM,,,F026-Kindly contact Drawer Drawee Bank and please present again ( CTS)
D,220321000JO6,T,C,1900000,21032022,21032022,LCT,Guwahati - (For MICR Chqs Only)ASSAM,GUW,17032022,65016805,17032022,3706770,5,,,019426,AXIS BANK LTD,Guwahati - (For MICR Chqs Only)ASSAM,1900000,14022022,LOKNATH GHOSH,NM,,,
D,220321000JO7,T,D,1900000,21032022,21032022,LCT,Guwahati - (For MICR Chqs Only)ASSAM,GUW,17032022,65016805,17032022,3706770,5,,,019426,AXIS BANK LTD,Guwahati - (For MICR Chqs Only)ASSAM,1900000,14022022,LOKNATH GHOSH,NM,,,F001-ACCOUNT FREEZED / BLOCKED
D,220321000JOA,T,C,200000,21032022,21032022,LCT,Guwahati - (For MICR Chqs Only)ASSAM,GUW,17032022,65016806,17032022,1143000,5,,,617998,State Bank Of India,Guwahati - (For MICR Chqs Only)ASSAM,200000,14022022,TUSHI DAS & MIHIR MAJHI,NM,,,
D,220321000JOB,T,D,200000,21032022,21032022,LCT,Guwahati - (For MICR Chqs Only)ASSAM,GUW,17032022,65016806,17032022,1143000,5,,,617998,State Bank Of India,Guwahati - (For MICR Chqs Only)ASSAM,200000,14022022,TUSHI DAS & MIHIR MAJHI,NM,,,F001-ACCOUNT FREEZED / BLOCKED
D,220321000JOE,T,C,150000,21032022,21032022,LCT,Guwahati - (For MICR Chqs Only)ASSAM,GUW,17032022,65016806,17032022,1143000,5,,,002523,ICICI BANK LTD,Guwahati - (For MICR Chqs Only)ASSAM,150000,14022022,UMA ENTERPRISE,NM,,,
D,220321000JOF,T,D,150000,21032022,21032022,LCT,Guwahati - (For MICR Chqs Only)ASSAM,GUW,17032022,65016806,17032022,1143000,5,,,002523,ICICI BANK LTD,Guwahati - (For MICR Chqs Only)ASSAM,150000,14022022,UMA ENTERPRISE,NM,,,F001-ACCOUNT FREEZED / BLOCKED
D,220321000JOI,T,C,725000,21032022,21032022,LCT,Guwahati - (For MICR Chqs Only)ASSAM,GUW,17032022,65016806,17032022,1143000,5,,,041576,ICICI BANK LTD,Guwahati - (For MICR Chqs Only)ASSAM,725000,14022022,STYLE,NM,,,
D,220321000JOJ,T,D,725000,21032022,21032022,LCT,Guwahati - (For MICR Chqs Only)ASSAM,GUW,17032022,65016806,17032022,1143000,5,,,041576,ICICI BANK LTD,Guwahati - (For MICR Chqs Only)ASSAM,725000,14022022,STYLE,NM,,,F001-ACCOUNT FREEZED / BLOCKED
D,220321000JOM,T,C,66666,21032022,21032022,LCT,Guwahati - (For MICR Chqs Only)ASSAM,GUW,17032022,65016805,17032022,3706770,5,,,017941,AXIS BANK LTD,Guwahati - (For MICR Chqs Only)ASSAM,66666,17022022,OCEAN GARMENTS,NM,,,
D,220321000JON,T,D,66666,21032022,21032022,LCT,Guwahati - (For MICR Chqs Only)ASSAM,GUW,17032022,65016805,17032022,3706770,5,,,017941,AXIS BANK LTD,Guwahati - (For MICR Chqs Only)ASSAM,66666,17022022,OCEAN GARMENTS,NM,,,F001-ACCOUNT FREEZED / BLOCKED
D,220321000KLC,T,C,2000000,21032022,21032022,LCT,Guwahati - (For MICR Chqs Only)ASSAM,GUW,17032022,65016807,17032022,4200000,3,,,271623,IDBI Bank Ltd,Guwahati - (For MICR Chqs Only)ASSAM,2000000,14022022,TANDRA ELECTRIC,NM,,,
D,220321000KLD,T,D,2000000,21032022,21032022,LCT,Guwahati - (For MICR Chqs Only)ASSAM,GUW,17032022,65016807,17032022,4200000,3,,,271623,IDBI Bank Ltd,Guwahati - (For MICR Chqs Only)ASSAM,2000000,14022022,TANDRA ELECTRIC,NM,,,T144- Other Reason
D,2203210023SK,T,C,3750,22032022,21032022,LCT,Mumbai,MUMBAI,19032022,063172459,19032022,7550,2,,,001374,ICICI BANK LTD,Mumbai,3750,16032022,PANKAJ,NM ONC HQ,,,
D,2203210023SL,T,D,3750,22032022,21032022,LCT,Mumbai,MUMBAI,19032022,063172459,19032022,7550,2,,,001374,ICICI BANK LTD,Mumbai,3750,16032022,PANKAJ,NM ONC HQ,,,F009-INSUFFICIENT FUNDS
D,2203210023TK,T,C,3750,22032022,21032022,LCT,Mumbai,MUMBAI,19032022,063172460,19032022,3750,1,,,000515,Development Credit Bank Ltd,Mumbai,3750,17032022,MOHAMED,NM ON CHQ,,,
D,2203210023TL,T,D,3750,22032022,21032022,LCT,Mumbai,MUMBAI,19032022,063172460,19032022,3750,1,,,000515,Development Credit Bank Ltd,Mumbai,3750,17032022,MOHAMED,NM ON CHQ,,,F009-INSUFFICIENT FUNDS
D,2203210023TO,T,C,42000,22032022,21032022,LCT,Mumbai,MUMBAI,19032022,53724187,19032022,42000,1,,,626972,IndusInd Bank Ltd,Mumbai,42000,17032022,RAHUL SHIVKAR,NM ON CHQ,,,
D,2203210023TP,T,D,42000,22032022,21032022,LCT,Mumbai,MUMBAI,19032022,53724187,19032022,42000,1,,,626972,IndusInd Bank Ltd,Mumbai,42000,17032022,RAHUL SHIVKAR,NM ON CHQ,,,F009-INSUFFICIENT FUNDS
D,22032100241W,T,C,75971,22032022,21032022,LCT,Mumbai,MUMBAI,19032022,54896759,19032022,75971,1,,,088954,Dattatraya Maharaj Kalambe Jaoli Sah.ban,Mumbai,75971,17032022,VASANT K POOJARY,NM ON CHQ,,,
D,22032100241X,T,D,75971,22032022,21032022,LCT,Mumbai,MUMBAI,19032022,54896759,19032022,75971,1,,,088954,Dattatraya Maharaj Kalambe Jaoli Sah.ban,Mumbai,75971,17032022,VASANT K POOJARY,NM ON CHQ,,,F009-INSUFFICIENT FUNDS
D,220321002DTO,T,C,3750,22032022,21032022,LCT,Bhilwara ( RAJATHAN 311 001 ),BHIL $BHILWARA017,19032022,62173595,19032022,3750,1,,,364069,State Bank Of India,Bhilwara ( RAJATHAN 311 001 ),3750,17032022,VINAY PAREEK,NM ON SL,,,
D,220321002DTP,T,D,3750,22032022,21032022,LCT,Bhilwara ( RAJATHAN 311 001 ),BHIL $BHILWARA017,19032022,62173595,19032022,3750,1,,,364069,State Bank Of India,Bhilwara ( RAJATHAN 311 001 ),3750,17032022,VINAY PAREEK,NM ON SL,,,F009-INSUFFICIENT FUNDS
D,220321002ON2,T,C,7422591,22032022,21032022,LCT,SURAT (MICR CHQ ONLY),SUR$SURCHOR009-1,19032022,R60077453,19032022,7422591,1,,,608697,Central Bank of India,SURAT (MICR CHQ ONLY),7422591,28022022,RAMESH,NM ON CHQ,,,
D,220321002ON3,T,D,7422591,22032022,21032022,LCT,SURAT (MICR CHQ ONLY),SUR$SURCHOR009-1,19032022,R60077453,19032022,7422591,1,,,608697,Central Bank of India,SURAT (MICR CHQ ONLY),7422591,28022022,RAMESH,NM ON CHQ,,,F026-Kindly contact Drawer Drawee Bank and please present again ( CTS)
D,220321002Q66,T,C,3750,22032022,21032022,LCT,Udaipur- ( For NON-Micr XUDA code),UDA,19032022,R58895691,19032022,3750,1,,,001186,KOTAK MAHINDRA BANK,Udaipur- ( For NON-Micr XUDA code),3750,12032022,SANDEEP SHARMA,NA,,,
D,220321002U1Y,T,C,3750,22032022,21032022,LCT,Jodhpur,JOD,19032022,58820800,19032022,3750,1,,,819249,State Bank Of India,Jodhpur,3750,16032022,SYAM,NM,,,
D,22032100314C,T,C,3750,22032022,21032022,LCT,Rajamundry,RAJ,18032022,58203195,18032022,3750,1,,,561660,State Bank Of India,Rajamundry,3750,17032022,G HARISH,NOT AVAILABLE ONSLIP,,,
D,22032100347Y,T,C,34650,22032022,21032022,LCT,AMRAVATI MAHARASHTRA 444 601,AMRA,19032022,63644824,19032022,34650,1,,,000157,ARVIND SAHAKARI BANK LTD,AMRAVATI MAHARASHTRA 444 601,34650,17032022,MOHINI ZADE,XOHEAVI00002592897,,,
D,22032100347Z,T,D,34650,22032022,21032022,LCT,AMRAVATI MAHARASHTRA 444 601,AMRA,19032022,63644824,19032022,34650,1,,,000157,ARVIND SAHAKARI BANK LTD,AMRAVATI MAHARASHTRA 444 601,34650,17032022,MOHINI ZADE,XOHEAVI00002592897,,,F009-INSUFFICIENT FUNDS
D,220321003B58,T,C,590,22032022,21032022,LCT,Madurai,MADU,19032022,064567618,19032022,590,1,,,116105,Tamilnad Mercantile Bank Ltd.,Madurai,590,17032022,ANTONY EDWIN C,NA IN CHA,,,
D,220321003B5A,T,C,50000,22032022,21032022,LCT,Madurai,MADU,19032022,64567616,19032022,50000,1,,,500033,ICICI BANK LTD,Madurai,50000,15032022,NA IN CHA,NA IN CHA,,,
D,220321003B5D,T,C,12632796,22032022,21032022,LCT,Madurai,MADU,19032022,64567617,19032022,14838770,2,,,467839,IDFC BANK LTD,Madurai,12632796,02032022,IDFC,NA IN CHA,,,
D,220321003B5E,T,C,2205974,22032022,21032022,LCT,Madurai,MADU,19032022,64567617,19032022,14838770,2,,,467840,IDFC BANK LTD,Madurai,2205974,02032022,IDFC,NA IN CHA,,,
D,220321003KAS,T,C,9022,22032022,21032022,LCT,Calcutta,CAL,19032022,064043831,19032022,9022,1,,,000121,UCO BANK,Calcutta,9022,16032022,BISWANATH DEY,NOT GIVEN,,,
D,220321003N90,T,C,3750,22032022,21032022,LCT,CHANDRAPUR (NON BUCC BK) 442 401,CHANDR,19032022,59135009,19032022,3750,1,,,707226,State Bank Of India,CHANDRAPUR (NON BUCC BK) 442 401,3750,17032022,SHRIKANT ASHOK SADBHAYYE,59135009,,,
D,220321003NOI,T,C,25204,22032022,21032022,LCT,SURAT (MICR CHQ ONLY),SUR$SURCHOR009-1,19032022,60077458,19032022,65282,3,,,843407,The Varachha Co-op. Bank Ltd,SURAT (MICR CHQ ONLY),25204,17032022,ATUL,NMONCHQ,,,
D,220321003NOJ,T,C,2120,22032022,21032022,LCT,SURAT (MICR CHQ ONLY),SUR$SURCHOR009-1,19032022,60077458,19032022,65282,3,,,658151,Punjab National Bank,SURAT (MICR CHQ ONLY),2120,17032022,SULOCHANA,NMONCHQ,,,
D,220321003NOK,T,C,37958,22032022,21032022,LCT,SURAT (MICR CHQ ONLY),SUR$SURCHOR009-1,19032022,60077458,19032022,65282,3,,,771384,The Varachha Co-op. Bank Ltd,SURAT (MICR CHQ ONLY),37958,19032022,HASMUKH,NMONCHQ,,,
D,220321003Q78,T,C,3750,22032022,21032022,LCT,NAGPUR (FOR MICR CHQ ONLY) MAH,NAGP,19032022,64448719,19032022,3750,1,,,184126,Canara Bank,NAGPUR (FOR MICR CHQ ONLY) MAH,3750,15032022,NA ON CHQ,NA ON CHQ,,,
D,220321003QBQ,T,C,15720,22032022,21032022,LCT,NAGPUR (FOR MICR CHQ ONLY) MAH,NAGP,19032022,63203570,19032022,15720,1,,,13,The Khamgaon Urban Co-op Bank,NAGPUR (FOR MICR CHQ ONLY) MAH,15720,19032022,NA ON CHQ,NA ON CHQ,,,
D,220321003Y84,T,C,3750,22032022,21032022,LCT,Indore,IND,19032022,60870445,19032022,3750,1,,,627755,Canara Bank,Indore,3750,16032022,M S PATIDAR AUTOMOBILES,206466,,,
D,2203210047CU,T,C,1674456,22032022,21032022,LCT,AHMEDABAD- GUJ,AHM$AHMCHOV007-1,19032022,57737315,19032022,1674456,1,,,544991,State Bank Of India,AHMEDABAD- GUJ,1674456,17032022,PRADEEPKUMAR B PRACHANVI,0,,,
D,2203210048YC,T,C,3750,22032022,21032022,LCT,AHMEDABAD- GUJ,AHM$AHMCHOV007-1,19032022,57737314,19032022,3750,1,,,309,THE MEHSANA URBAN CO-OP BANK LTD,AHMEDABAD- GUJ,3750,17032022,SWASTIK BRIDGE AND ROAD COTRACT,0,,,
D,220321004FBD,T,C,3700000,22032022,21032022,LCT,Jaipur,NSR - NEW SANAGANER ROAD,19032022,58989091,19032022,4100000,2,,,205713,ICICI BANK LTD,Jaipur,3700000,28022022,NORTH ZONE DISBURESEMENT,NMONCHQ,,,
D,220321004FBE,T,C,400000,22032022,21032022,LCT,Jaipur,NSR - NEW SANAGANER ROAD,19032022,58989091,19032022,4100000,2,,,194417,Union Bank of India,Jaipur,400000,07032022,NMVA AND ASSOCIATES,NMONCHQ,,,
D,220321004HTS,T,C,3800,22032022,21032022,LCT,Mumbai,MUMBAI,19032022,063172459,19032022,7550,2,,,100004,Gopinath Patil Parsik Janata Sah Bk Ltd.,Mumbai,3800,16032022,MANGILAL,NM ON CHQ,,,
D,220321004JTE,T,C,169788,22032022,21032022,LCT,Mumbai,THANEW,19032022,53724160,19032022,169788,1,,,598583,AXIS BANK LTD,Mumbai,169788,16032022,ANITA M,NM ON CHQ,,,
D,220321004NCM,T,C,5900,22032022,21032022,LCT,Mumbai,MUMBAI,19032022,063172461,19032022,5900,1,,,034821,ICICI BANK LTD,Mumbai,5900,10032022,MEHBOOB,NM ON CHQ,,,
D,220321004OAG,T,C,3750,22032022,21032022,LCT,Mumbai,MUMBAI,19032022,063122416,19032022,3750,1,,,458487,IDBI Bank Ltd,Mumbai,3750,16032022,RAJENDRA GHAG,NM ON CHQ,,,
D,220321004USF,T,C,1303223,22032022,21032022,LCT,Coimbatore (Only MICR Chq),COI,18032022,064321369,18032022,1356453,2,,,819020,State Bank Of India,Coimbatore (Only MICR Chq),1303223,08032022,ADANI CAPITAL PVT LTD,NM ON SLIP,,,
D,220321004USG,T,C,53230,22032022,21032022,LCT,Coimbatore (Only MICR Chq),COI,18032022,064321369,18032022,1356453,2,,,100465,Tamilnad Mercantile Bank Ltd.,Coimbatore (Only MICR Chq),53230,17032022,DHARANI GRILL WORKS,NM ON SLIP,,,
D,220321004V7A,T,C,105000,22032022,21032022,LCT,Coimbatore (Only MICR Chq),COI,19032022,064321370,19032022,105000,1,,,355692,City Union Bank Ltd,Coimbatore (Only MICR Chq),105000,10032022,R R TEXTILES,NM ON SLIP,,,
D,220321004XSZ,T,C,10900,22032022,21032022,LCT,SILVASSA(NON TREAS CHQ/REFUND ORD)396230,SILV,19032022,60618101,19032022,10900,1,,,305228,AXIS BANK LTD,SILVASSA(NON TREAS CHQ/REFUND ORD)396230,10900,17032022,KHUSHBU S DESAI,NOT AVALIBALE,,,
D,220321004XT4,T,C,2964100,22032022,21032022,LCT,SILVASSA(NON TREAS CHQ/REFUND ORD)396230,SILV,19032022,60671675,19032022,2964100,1,,,492628,ICICI BANK LTD,SILVASSA(NON TREAS CHQ/REFUND ORD)396230,2964100,11032022,KHUSHBU ALPESHKUMAR DESAI,NOT AVALIBALE,,,
D,2203210057TU,T,C,198620,22032022,21032022,LCT,Bhilwara ( RAJATHAN 311 001 ),BHIL $BHILWARA017,19032022,62173596,19032022,198620,1,,,859,Bank of Baroda,Bhilwara ( RAJATHAN 311 001 ),198620,18032022,SHAGUN FOOD COURT,NM ON SL,,,
D,22032100581U,T,C,14171,22032022,21032022,LCT,BANGALORE,BAN,19032022,063819176,19032022,10285957,5,,,971437,Canara Bank,BANGALORE,14171,18032022,NAONCHQ,NAONCHQ,,,
D,22032100581V,T,C,1321996,22032022,21032022,LCT,BANGALORE,BAN,19032022,063819176,19032022,10285957,5,,,894627,State Bank Of India,BANGALORE,1321996,18032022,DD,NAONCHQ,,,
D,22032100581W,T,C,6546451,22032022,21032022,LCT,BANGALORE,BAN,19032022,063819176,19032022,10285957,5,,,894615,State Bank Of India,BANGALORE,6546451,17032022,DD,NAONCHQ,,,
D,22032100581X,T,C,3339,22032022,21032022,LCT,BANGALORE,BAN,19032022,063819176,19032022,10285957,5,,,971438,Canara Bank,BANGALORE,3339,18032022,NAONCHQ,NAONCHQ,,,
D,22032100581Y,T,C,2400000,22032022,21032022,LCT,BANGALORE,BAN,19032022,063819176,19032022,10285957,5,,,880759,State Bank Of India,BANGALORE,2400000,18032022,BYRESH KUMAR,NAONCHQ,,,
D,2203210058IS,T,C,3750,22032022,21032022,LCT,Visakhapatnam,VIS$VIZCHOR001,19032022,58077104,19032022,3750,1,,,641510,State Bank Of India,Visakhapatnam,3750,15032022,D.LOVA RAJU,NA,,,
D,220321005HFY,T,C,2566,21032022,21032022,LCT,AGRA (FOR MICR CHQ ONLY),AGR$AGRCHOS002,16032022,62253485,16032022,2566,1,,,466503,Punjab National Bank,AGRA (FOR MICR CHQ ONLY),2566,15032022,ARUN,0,,,
D,220321005HI2,T,C,4500000,21032022,21032022,LCT,AGRA (FOR MICR CHQ ONLY),AGR$AGRCHOS002,16032022,62270580,16032022,4500000,1,,,680292,YES BANK,AGRA (FOR MICR CHQ ONLY),4500000,18022022,RINKI,0,,,
D,220321005XZI,T,C,26100,22032022,21032022,LCT,BARODA (GUJRAT),BARO,19032022,60874544,19032022,26100,1,,,560918,Canara Bank,BARODA (GUJRAT),26100,16032022,SHRI SAINATH SERVICE CENTER,NA,,,
D,2203210066GS,T,C,500000,21032022,21032022,LCT,Guwahati - (For MICR Chqs Only)ASSAM,GUW,21032022,65016807,21032022,500000,1,,,773556,United Bank Of India,Guwahati - (For MICR Chqs Only)ASSAM,500000,17022022,SHIBANI GARAI,NM,,,R023-Bank / Branch Blocked
D,2203210066GT,T,D,500000,21032022,21032022,LCT,Guwahati - (For MICR Chqs Only)ASSAM,GUW,21032022,65016807,21032022,500000,1,,,773556,United Bank Of India,Guwahati - (For MICR Chqs Only)ASSAM,500000,17022022,SHIBANI GARAI,NM,,,R023-Bank / Branch Blocked
D,220321006FX9,T,C,2000,22032022,21032022,LCT,Hyderabad Telangana,AMEERPET$HYDCHOM001,17032022,062983442,19032022,235600,4,,,969443,Karnataka Bank Ltd,Hyderabad Telangana,2000,11032022,K MUJEEB,NM,,,
D,220321006FXA,T,C,204850,22032022,21032022,LCT,Hyderabad Telangana,AMEERPET$HYDCHOM001,17032022,062983442,19032022,235600,4,,,000139,Karur Vysya Bank Ltd,Hyderabad Telangana,204850,16032022,DHANANJAYA RAJU D,NM,,,
D,220321006FXB,T,C,25000,22032022,21032022,LCT,Hyderabad Telangana,AMEERPET$HYDCHOM001,17032022,062983442,19032022,235600,4,,,023435,Bank of India,Hyderabad Telangana,25000,02032022,DD,NM,,,
D,220321006FXC,T,C,3750,22032022,21032022,LCT,Hyderabad Telangana,AMEERPET$HYDCHOM001,17032022,062983442,19032022,235600,4,,,069841,Union Bank of India,Hyderabad Telangana,3750,15032022,MOHAMMED SABEER,NM,,,
D,220321006P90,T,C,74000,22032022,21032022,LCT,PUNE (NON JCBK BK & ONLY MICR CHQ) MAH,PUN,19032022,62470717,19032022,74000,1,,,364129,AXIS BANK LTD,PUNE (NON JCBK BK & ONLY MICR CHQ) MAH,74000,15032022,DINKAR BABURAO MORE,NACHQ,,,
D,220321006P92,T,C,3700000,22032022,21032022,LCT,PUNE (NON JCBK BK & ONLY MICR CHQ) MAH,PUN,19032022,62470718,19032022,3700000,1,,,009939,AXIS BANK LTD,PUNE (NON JCBK BK & ONLY MICR CHQ) MAH,3700000,15032022,DINESH MORE,NAONDEP,,,
