﻿Account Number,Statement Number,Transaction Type Debit(Dr)/Credit(Cr),Trasaction Date,Bank Transaction Number,Amount,Value Date,Description,Challan No,Agreement No,Line Number
00040310007593,03-Mar-2022,DR,03-Mar-2022,689243,428,03-Mar-2022,CHQ PAID-MICR CTS-MUMBAI CLEAR-689243,689243,689243,1
00040310007593,03-Mar-2022,DR,03-Mar-2022,689304,488,03-Mar-2022,CHQ PAID-MICR CTS-MUMBAI CLEAR-689304,689304,689304,2
00040310007593,03-Mar-2022,DR,03-Mar-2022,689226,500,03-Mar-2022,CHQ PAID-MICR CTS-MUMBAI CLEAR-689226,689226,689226,3
00040310007593,03-Mar-2022,DR,03-Mar-2022,690123,709,03-Mar-2022,CHQ PAID-MICR CTS-MUMBAI CLEAR-690123,690123,690123,4
00040310007593,03-Mar-2022,DR,03-Mar-2022,689506,720,03-Mar-2022,CHQ PAID-MICR CTS-MUMBAI CLEAR-689506,689506,689506,5
00040310007593,03-Mar-2022,DR,03-Mar-2022,688312,810,03-Mar-2022,CHQ PAID-MICR CTS-MUMBAI CLEAR-688312,688312,688312,6
00040310007593,03-Mar-2022,DR,03-Mar-2022,689788,1125,03-Mar-2022,CHQ PAID-MICR CTS-MUMBAI CLEAR-689788,689788,689788,7
00040310007593,03-Mar-2022,DR,03-Mar-2022,690275,1247,03-Mar-2022,CHQ PAID-MICR CTS-MUMBAI CLEAR-690275,690275,690275,8
00040310007593,03-Mar-2022,DR,03-Mar-2022,689421,1400,03-Mar-2022,CHQ PAID-MICR CTS-MUMBAI CLEAR-689421,689421,689421,9
00040310007593,03-Mar-2022,DR,03-Mar-2022,689537,1523,03-Mar-2022,CHQ PAID-MICR CTS-MUMBAI CLEAR-689537,689537,689537,10
00040310007593,03-Mar-2022,DR,03-Mar-2022,689381,1563,03-Mar-2022,CHQ PAID-MICR CTS-MUMBAI CLEAR-689381,689381,689381,11
00040310007593,03-Mar-2022,DR,03-Mar-2022,690106,1611,03-Mar-2022,CHQ PAID-MICR CTS-MUMBAI CLEAR-690106,690106,690106,12
00040310007593,03-Mar-2022,DR,03-Mar-2022,690024,1663,03-Mar-2022,CHQ PAID-MICR CTS-MUMBAI CLEAR-690024,690024,690024,13
00040310007593,03-Mar-2022,DR,03-Mar-2022,690205,1715,03-Mar-2022,CHQ PAID-MICR CTS-MUMBAI CLEAR-690205,690205,690205,14
00040310007593,03-Mar-2022,DR,03-Mar-2022,690209,1748,03-Mar-2022,CHQ PAID-MICR CTS-MUMBAI CLEAR-690209,690209,690209,15
00040310007593,03-Mar-2022,DR,03-Mar-2022,690216,1900,03-Mar-2022,CHQ PAID-MICR CTS-MUMBAI CLEAR-690216,690216,690216,16
00040310007593,03-Mar-2022,DR,03-Mar-2022,689672,2110,03-Mar-2022,CHQ PAID-MICR CTS-MUMBAI CLEAR-689672,689672,689672,17
00040310007593,03-Mar-2022,DR,03-Mar-2022,690028,2354,03-Mar-2022,CHQ PAID-MICR CTS-MUMBAI CLEAR-690028,690028,690028,18
00040310007593,03-Mar-2022,DR,03-Mar-2022,690101,2424,03-Mar-2022,CHQ PAID-MICR CTS-MUMBAI CLEAR-690101,690101,690101,19
00040310007593,03-Mar-2022,DR,03-Mar-2022,690206,2852,03-Mar-2022,CHQ PAID-MICR CTS-MUMBAI CLEAR-690206,690206,690206,20
00040310007593,03-Mar-2022,DR,03-Mar-2022,685991,3655,03-Mar-2022,CHQ PAID-MICR CTS-MUMBAI CLEAR-685991,685991,685991,21
00040310007593,03-Mar-2022,DR,03-Mar-2022,690242,5193,03-Mar-2022,CHQ PAID-MICR CTS-MUMBAI CLEAR-690242,690242,690242,22
00040310007593,03-Mar-2022,DR,03-Mar-2022,690362,6053,03-Mar-2022,CHQ PAID-MICR CTS-MUMBAI CLEAR-690362,690362,690362,23
00040310007593,03-Mar-2022,DR,03-Mar-2022,690243,6618,03-Mar-2022,CHQ PAID-MICR CTS-MUMBAI CLEAR-690243,690243,690243,24
00040310007593,03-Mar-2022,DR,03-Mar-2022,689884,6757,03-Mar-2022,CHQ PAID-MICR CTS-MUMBAI CLEAR-689884,689884,689884,25
00040310007593,03-Mar-2022,DR,03-Mar-2022,690197,8702,03-Mar-2022,CHQ PAID-MICR CTS-MUMBAI CLEAR-690197,690197,690197,26
00040310007593,03-Mar-2022,DR,03-Mar-2022,689272,206,03-Mar-2022,CHQ PAID-MICR CTS-CH-THE PROFESSIONAL CO-689272,689272,689272,27
00040310007593,03-Mar-2022,DR,03-Mar-2022,689822,329,03-Mar-2022,CHQ PAID-MICR CTS-CH-AO CASH BSNL HYDERA-689822,689822,689822,28
00040310007593,03-Mar-2022,DR,03-Mar-2022,689159,578,03-Mar-2022,CHQ PAID-MICR CTS-CH-THE PROFESSIONAL CO-689159,689159,689159,29
00040310007593,03-Mar-2022,DR,03-Mar-2022,689274,588,03-Mar-2022,CHQ PAID-MICR CTS-CH-THE PROFESSIONAL CO-689274,689274,689274,30
00040310007593,03-Mar-2022,DR,03-Mar-2022,690402,620,03-Mar-2022,CHQ PAID-MICR CTS-CH-SE CEDC CENTRAL-690402,690402,690402,31
00040310007593,03-Mar-2022,DR,03-Mar-2022,689915,730,03-Mar-2022,CHQ PAID-MICR CTS-CH-DOLPHIN SERVICE-689915,689915,689915,32
00040310007593,03-Mar-2022,DR,03-Mar-2022,690401,830,03-Mar-2022,CHQ PAID-MICR CTS-CH-SE CEDC CENTRAL-690401,690401,690401,33
00040310007593,03-Mar-2022,DR,03-Mar-2022,689218,1112,03-Mar-2022,CHQ PAID-MICR CTS-CH-THE PROFESSIONAL CO-689218,689218,689218,34
00040310007593,03-Mar-2022,DR,03-Mar-2022,689605,1250,03-Mar-2022,CHQ PAID-MICR CTS-CH-MUNICIPAL SECRETARY-689605,689605,689605,35
00040310007593,03-Mar-2022,DR,03-Mar-2022,689592,1250,03-Mar-2022,CHQ PAID-MICR CTS-CH-SECRETARY KANGHANGA-689592,689592,689592,36
00040310007593,03-Mar-2022,DR,03-Mar-2022,689565,1250,03-Mar-2022,CHQ PAID-MICR CTS-CH-THE SECRETARY ADIMA-689565,689565,689565,37
00040310007593,03-Mar-2022,DR,03-Mar-2022,689583,1250,03-Mar-2022,CHQ PAID-MICR CTS-CH-SECRETARY KOLLAM CO-689583,689583,689583,38
00040310007593,03-Mar-2022,DR,03-Mar-2022,689568,1250,03-Mar-2022,CHQ PAID-MICR CTS-CH-THE SECRETARY KEEZH-689568,689568,689568,39
00040310007593,03-Mar-2022,DR,03-Mar-2022,689567,1250,03-Mar-2022,CHQ PAID-MICR CTS-CH-SECRETARY PALAKKADU-689567,689567,689567,40
00040310007593,03-Mar-2022,DR,03-Mar-2022,689569,1250,03-Mar-2022,CHQ PAID-MICR CTS-CH-THE SECRETARY KOTTA-689569,689569,689569,41
00040310007593,03-Mar-2022,DR,03-Mar-2022,690203,1328,03-Mar-2022,CHQ PAID-MICR CTS-CH-SHAFIUDDIN AC NO-690203,690203,690203,42
00040310007593,03-Mar-2022,DR,03-Mar-2022,689279,1352,03-Mar-2022,CHQ PAID-MICR CTS-CH-THE PROFESSIONAL CO-689279,689279,689279,43
00040310007593,03-Mar-2022,DR,03-Mar-2022,689929,2114,03-Mar-2022,CHQ PAID-MICR CTS-CH-S KUMAR PAPERS-689929,689929,689929,44
00040310007593,03-Mar-2022,DR,03-Mar-2022,689408,2147,03-Mar-2022,CHQ PAID-MICR CTS-CH-AAO ERO GWK APEPDCL-689408,689408,689408,45
00040310007593,03-Mar-2022,DR,03-Mar-2022,689944,2389,03-Mar-2022,CHQ PAID-MICR CTS-CH-AO CASH BSNL-689944,689944,689944,46
00040310007593,03-Mar-2022,DR,03-Mar-2022,690258,2400,03-Mar-2022,CHQ PAID-MICR CTS-CH-JOY PRAKASH SHAW AC-690258,690258,690258,47
00040310007593,03-Mar-2022,DR,03-Mar-2022,690195,2430,03-Mar-2022,CHQ PAID-MICR CTS-CH-CHAIL SINGH BALAWAN-690195,690195,690195,48
00040310007593,03-Mar-2022,DR,03-Mar-2022,690156,2448,03-Mar-2022,CHQ PAID-MICR CTS-CH-SE KEDC TANGEDCO KR-690156,690156,690156,49
00040310007593,03-Mar-2022,DR,03-Mar-2022,689676,2500,03-Mar-2022,CHQ PAID-MICR CTS-CH-THE SECRETARY KEEZH-689676,689676,689676,50
00040310007593,03-Mar-2022,DR,03-Mar-2022,689628,2500,03-Mar-2022,CHQ PAID-MICR CTS-CH-THE SECRETARY ADIMA-689628,689628,689628,51
00040310007593,03-Mar-2022,DR,03-Mar-2022,690111,2516,03-Mar-2022,CHQ PAID-MICR CTS-CH-AO CASH BSNL THRISS-690111,690111,690111,52
00040310007593,03-Mar-2022,DR,03-Mar-2022,690081,2520,03-Mar-2022,CHQ PAID-MICR CTS-CH-ALFA REFRIGERATION-690081,690081,690081,53
00040310007593,03-Mar-2022,DR,03-Mar-2022,690131,2827,03-Mar-2022,CHQ PAID-MICR CTS-CH-AO CASH BSNL CUDDAL-690131,690131,690131,54
00040310007593,03-Mar-2022,DR,03-Mar-2022,690389,2834,03-Mar-2022,CHQ PAID-MICR CTS-CH-SE CEDC CENTRAL-690389,690389,690389,55
00040310007593,03-Mar-2022,DR,03-Mar-2022,688792,3089,03-Mar-2022,CHQ PAID-MICR CTS-CH-SARASWATHY AGENCY-688792,688792,688792,56
00040310007593,03-Mar-2022,DR,03-Mar-2022,689383,3115,03-Mar-2022,CHQ PAID-MICR CTS-CH-AO CASH BSNL ALLEPP-689383,689383,689383,57
00040310007593,03-Mar-2022,DR,03-Mar-2022,690172,3240,03-Mar-2022,CHQ PAID-MICR CTS-CH-PRIYANKA AND CO-690172,690172,690172,58
00040310007593,03-Mar-2022,DR,03-Mar-2022,690039,3279,03-Mar-2022,CHQ PAID-MICR CTS-CH-THE PROFESSIONAL CO-690039,690039,690039,59
00040310007593,03-Mar-2022,DR,03-Mar-2022,690234,3554,03-Mar-2022,CHQ PAID-MICR CTS-CH-DOLPHIN SERVICE-690234,690234,690234,60
00040310007593,03-Mar-2022,DR,03-Mar-2022,689631,3750,03-Mar-2022,CHQ PAID-MICR CTS-CH-THE SECRETARY KOTTA-689631,689631,689631,61
00040310007593,03-Mar-2022,DR,03-Mar-2022,689608,3750,03-Mar-2022,CHQ PAID-MICR CTS-CH-SECRETARY KANGHANGA-689608,689608,689608,62
00040310007593,03-Mar-2022,DR,03-Mar-2022,690268,4718,03-Mar-2022,CHQ PAID-MICR CTS-CH-ASSISTANT ACCOUNT O-690268,690268,690268,63
00040310007593,03-Mar-2022,DR,03-Mar-2022,689621,5000,03-Mar-2022,CHQ PAID-MICR CTS-CH-MUNICIPAL SECRETARY-689621,689621,689621,64
00040310007593,03-Mar-2022,DR,03-Mar-2022,690033,5228,03-Mar-2022,CHQ PAID-MICR CTS-CH-CHINTALA MAHESH BOO-690033,690033,690033,65
00040310007593,03-Mar-2022,DR,03-Mar-2022,689805,5540,03-Mar-2022,CHQ PAID-MICR CTS-CH-ASSISTANT ENGINER K-689805,689805,689805,66
00040310007593,03-Mar-2022,DR,03-Mar-2022,690102,5734,03-Mar-2022,CHQ PAID-MICR CTS-CH-HUBLI ELECTRICITY S-690102,690102,690102,67
00040310007593,03-Mar-2022,DR,03-Mar-2022,690141,5739,03-Mar-2022,CHQ PAID-MICR CTS-CH-ASST ENGINEER KSEB-690141,690141,690141,68
00040310007593,03-Mar-2022,DR,03-Mar-2022,690020,6750,03-Mar-2022,CHQ PAID-MICR CTS-CH-MEDA VISWANADH AC-690020,690020,690020,69
00040310007593,03-Mar-2022,DR,03-Mar-2022,689896,6750,03-Mar-2022,CHQ PAID-MICR CTS-CH-MEDA VISWANADH AC-689896,689896,689896,70
00040310007593,03-Mar-2022,DR,03-Mar-2022,690488,11780,03-Mar-2022,CHQ PAID-MICR CTS-CH-SE VEDC TANGEDCO VP-690488,690488,690488,71
00040310007593,03-Mar-2022,DR,03-Mar-2022,690394,13024,03-Mar-2022,CHQ PAID-MICR CTS-CH-SE CEDC METRO TNEB-690394,690394,690394,72
00040310007593,03-Mar-2022,DR,03-Mar-2022,689630,18750,03-Mar-2022,CHQ PAID-MICR CTS-CH-SECRETARY PALAKKADU-689630,689630,689630,73
00040310007593,03-Mar-2022,DR,03-Mar-2022,689496,20048,03-Mar-2022,CHQ PAID-MICR CTS-CH-THE PROFESSIONAL CO-689496,689496,689496,74
00040310007593,03-Mar-2022,DR,03-Mar-2022,689638,21250,03-Mar-2022,CHQ PAID-MICR CTS-CH-SECRETARY KOLLAM CO-689638,689638,689638,75
00040310007593,03-Mar-2022,DR,03-Mar-2022,690385,24934,03-Mar-2022,CHQ PAID-MICR CTS-CH-SE CEDC WEST-690385,690385,690385,76
00040310007593,03-Mar-2022,DR,03-Mar-2022,689967,1000000,03-Mar-2022,CHQ PAID-MICR CTS-CH-ATO AMBATTUR-689967,689967,689967,77
00040310007593,03-Mar-2022,DR,03-Mar-2022,686122,460,03-Mar-2022,CHQ PAID-MICR CTS-NOIDA WBO-686122,686122,686122,78
00040310007593,03-Mar-2022,DR,03-Mar-2022,690025,620,03-Mar-2022,CHQ PAID-MICR CTS-NOIDA WBO-690025,690025,690025,79
00040310007593,03-Mar-2022,DR,03-Mar-2022,689690,657,03-Mar-2022,CHQ PAID-MICR CTS-NOIDA WBO-689690,689690,689690,80
00040310007593,03-Mar-2022,DR,03-Mar-2022,690027,724,03-Mar-2022,CHQ PAID-MICR CTS-NOIDA WBO-690027,690027,690027,81
00040310007593,03-Mar-2022,DR,03-Mar-2022,690162,808,03-Mar-2022,CHQ PAID-MICR CTS-NOIDA WBO-690162,690162,690162,82
00040310007593,03-Mar-2022,DR,03-Mar-2022,689976,1000,03-Mar-2022,CHQ PAID-MICR CTS-NOIDA WBO-689976,689976,689976,83
00040310007593,03-Mar-2022,DR,03-Mar-2022,690082,1080,03-Mar-2022,CHQ PAID-MICR CTS-NOIDA WBO-690082,690082,690082,84
00040310007593,03-Mar-2022,DR,03-Mar-2022,687332,1234,03-Mar-2022,CHQ PAID-MICR CTS-NOIDA WBO-687332,687332,687332,85
00040310007593,03-Mar-2022,DR,03-Mar-2022,689428,1250,03-Mar-2022,CHQ PAID-MICR CTS-NOIDA WBO-689428,689428,689428,86
00040310007593,03-Mar-2022,DR,03-Mar-2022,690112,1335,03-Mar-2022,CHQ PAID-MICR CTS-NOIDA WBO-690112,690112,690112,87
00040310007593,03-Mar-2022,DR,03-Mar-2022,688598,1499,03-Mar-2022,CHQ PAID-MICR CTS-NOIDA WBO-688598,688598,688598,88
00040310007593,03-Mar-2022,DR,03-Mar-2022,690260,1500,03-Mar-2022,CHQ PAID-MICR CTS-NOIDA WBO-690260,690260,690260,89
00040310007593,03-Mar-2022,DR,03-Mar-2022,688653,1708,03-Mar-2022,CHQ PAID-MICR CTS-NOIDA WBO-688653,688653,688653,90
00040310007593,03-Mar-2022,DR,03-Mar-2022,690171,1800,03-Mar-2022,CHQ PAID-MICR CTS-NOIDA WBO-690171,690171,690171,91
00040310007593,03-Mar-2022,DR,03-Mar-2022,690192,2050,03-Mar-2022,CHQ PAID-MICR CTS-NOIDA WBO-690192,690192,690192,92
00040310007593,03-Mar-2022,DR,03-Mar-2022,689501,2480,03-Mar-2022,CHQ PAID-MICR CTS-NOIDA WBO-689501,689501,689501,93
00040310007593,03-Mar-2022,DR,03-Mar-2022,689771,3482,03-Mar-2022,CHQ PAID-MICR CTS-NOIDA WBO-689771,689771,689771,94
00040310007593,03-Mar-2022,DR,03-Mar-2022,689790,4050,03-Mar-2022,CHQ PAID-MICR CTS-NOIDA WBO-689790,689790,689790,95
00040310007593,03-Mar-2022,DR,03-Mar-2022,688869,5292,03-Mar-2022,CHQ PAID-MICR CTS-NOIDA WBO-688869,688869,688869,96
00040310007593,03-Mar-2022,DR,03-Mar-2022,687950,6237,03-Mar-2022,CHQ PAID-MICR CTS-NOIDA WBO-687950,687950,687950,97
00040310007593,03-Mar-2022,DR,03-Mar-2022,690204,6871,03-Mar-2022,CHQ PAID-MICR CTS-NOIDA WBO-690204,690204,690204,98
00040310007593,03-Mar-2022,DR,03-Mar-2022,690356,6871,03-Mar-2022,CHQ PAID-MICR CTS-NOIDA WBO-690356,690356,690356,99
00040310007593,03-Mar-2022,DR,03-Mar-2022,689519,8108,03-Mar-2022,CHQ PAID-MICR CTS-NOIDA WBO-689519,689519,689519,100
00040310007593,03-Mar-2022,DR,03-Mar-2022,689474,8330,03-Mar-2022,CHQ PAID-MICR CTS-NOIDA WBO-689474,689474,689474,101
00040310007593,03-Mar-2022,DR,03-Mar-2022,689407,9084,03-Mar-2022,CHQ PAID-MICR CTS-NOIDA WBO-689407,689407,689407,102
00040310007593,03-Mar-2022,DR,03-Mar-2022,690182,15999,03-Mar-2022,CHQ PAID-MICR CTS-NOIDA WBO-690182,690182,690182,103
00040310007593,03-Mar-2022,DR,03-Mar-2022,664915,36184,03-Mar-2022,CHQ PAID-MICR CTS-NOIDA WBO-664915,664915,664915,104
00040310007593,03-Mar-2022,DR,03-Mar-2022,N062221856456731,60000000,03-Mar-2022,2198072-N062221856456731,N062221856456731,N062221856456731,105
00040310007593,03-Mar-2022,DR,03-Mar-2022,690306,643,03-Mar-2022,FT - DR - 50100120796834 - GHANSHYAMBHAI DAHYABHAI KACHHIAPATEL-690306,690306,690306,106
00040310007593,03-Mar-2022,CR,03-Mar-2022,206214356582,16783,03-Mar-2022,IMPS-206214356582-R MALATHY-HDFC-XXXXXXXXXX2622-REFUND-206214356582,206214356582,206214356582,107
00040310007593,03-Mar-2022,DR,03-Mar-2022,687558,540,03-Mar-2022,CHQ PAID-INWARD TRAN-SUNRISE ENGINEERS A-687558,687558,687558,108
00040310007593,03-Mar-2022,DR,03-Mar-2022,688975,3510,03-Mar-2022,CHQ PAID-INWARD TRAN-SUNRISE ENGINEERS A-688975,688975,688975,109
00040310007593,03-Mar-2022,DR,03-Mar-2022,688880,17550,03-Mar-2022,CHQ PAID-INWARD TRAN-SUNRISE ENGINEERS A-688880,688880,688880,110
00040310007593,03-Mar-2022,DR,03-Mar-2022,N062221857557927,7344,03-Mar-2022,2198320-N062221857557927,N062221857557927,N062221857557927,111
00040310007593,03-Mar-2022,DR,03-Mar-2022,N062221857554248,100710,03-Mar-2022,2172451-N062221857554248,N062221857554248,N062221857554248,112
00040310007593,03-Mar-2022,DR,03-Mar-2022,N062221857562191,73710,03-Mar-2022,2198074-N062221857562191,N062221857562191,N062221857562191,113
00040310007593,03-Mar-2022,DR,03-Mar-2022,N062221857562578,100000,03-Mar-2022,2198073-N062221857562578,N062221857562578,N062221857562578,114
00040310007593,03-Mar-2022,DR,03-Mar-2022,203033639908,7002,03-Mar-2022,2198724-203033639908,203033639908,203033639908,115
00040310007593,03-Mar-2022,DR,03-Mar-2022,203033639905,10717,03-Mar-2022,2198723-203033639905,203033639905,203033639905,116
00040310007593,03-Mar-2022,DR,03-Mar-2022,N062221857570514,4370,03-Mar-2022,2198722-N062221857570514,N062221857570514,N062221857570514,117
00040310007593,03-Mar-2022,DR,03-Mar-2022,N062221857565932,8680,03-Mar-2022,2198721-N062221857565932,N062221857565932,N062221857565932,118
00040310007593,03-Mar-2022,DR,03-Mar-2022,N062221857575635,1724,03-Mar-2022,2198064-N062221857575635,N062221857575635,N062221857575635,119
00040310007593,03-Mar-2022,DR,03-Mar-2022,N062221857575639,23416,03-Mar-2022,2198079-N062221857575639,N062221857575639,N062221857575639,120
00040310007593,03-Mar-2022,DR,03-Mar-2022,N062221857575640,31680,03-Mar-2022,2198135-N062221857575640,N062221857575640,N062221857575640,121
00040310007593,03-Mar-2022,DR,03-Mar-2022,N062221857575642,17820,03-Mar-2022,2198139-N062221857575642,N062221857575642,N062221857575642,122
00040310007593,03-Mar-2022,DR,03-Mar-2022,N062221857575644,59895,03-Mar-2022,2198140-N062221857575644,N062221857575644,N062221857575644,123
00040310007593,03-Mar-2022,DR,03-Mar-2022,N062221857575645,19800,03-Mar-2022,2198141-N062221857575645,N062221857575645,N062221857575645,124
00040310007593,03-Mar-2022,DR,03-Mar-2022,N062221857575646,11760,03-Mar-2022,2198081-N062221857575646,N062221857575646,N062221857575646,125
00040310007593,03-Mar-2022,DR,03-Mar-2022,N062221857575647,9900,03-Mar-2022,2198082-N062221857575647,N062221857575647,N062221857575647,126
00040310007593,03-Mar-2022,DR,03-Mar-2022,N062221857575648,24255,03-Mar-2022,2198084-N062221857575648,N062221857575648,N062221857575648,127
00040310007593,03-Mar-2022,DR,03-Mar-2022,N062221857575649,6930,03-Mar-2022,2198142-N062221857575649,N062221857575649,N062221857575649,128
00040310007593,03-Mar-2022,DR,03-Mar-2022,N062221857575651,5445,03-Mar-2022,2198145-N062221857575651,N062221857575651,N062221857575651,129
00040310007593,03-Mar-2022,DR,03-Mar-2022,N062221857575653,29700,03-Mar-2022,2198146-N062221857575653,N062221857575653,N062221857575653,130
00040310007593,03-Mar-2022,DR,03-Mar-2022,N062221857575654,3960,03-Mar-2022,2198143-N062221857575654,N062221857575654,N062221857575654,131
00040310007593,03-Mar-2022,DR,03-Mar-2022,N062221857575637,7920,03-Mar-2022,2198134-N062221857575637,N062221857575637,N062221857575637,132
00040310007593,03-Mar-2022,DR,03-Mar-2022,N062221857575656,6930,03-Mar-2022,2198086-N062221857575656,N062221857575656,N062221857575656,133
00040310007593,03-Mar-2022,DR,03-Mar-2022,N062221857575658,9900,03-Mar-2022,2198087-N062221857575658,N062221857575658,N062221857575658,134
00040310007593,03-Mar-2022,DR,03-Mar-2022,N062221857575661,64680,03-Mar-2022,2198089-N062221857575661,N062221857575661,N062221857575661,135
00040310007593,03-Mar-2022,DR,03-Mar-2022,N062221857575663,9900,03-Mar-2022,2198090-N062221857575663,N062221857575663,N062221857575663,136
00040310007593,03-Mar-2022,DR,03-Mar-2022,N062221857575664,11385,03-Mar-2022,2198091-N062221857575664,N062221857575664,N062221857575664,137
00040310007593,03-Mar-2022,DR,03-Mar-2022,N062221857575665,6930,03-Mar-2022,2198092-N062221857575665,N062221857575665,N062221857575665,138
00040310007593,03-Mar-2022,DR,03-Mar-2022,N062221857575666,18810,03-Mar-2022,2198093-N062221857575666,N062221857575666,N062221857575666,139
00040310007593,03-Mar-2022,DR,03-Mar-2022,N062221857575667,64647,03-Mar-2022,2198094-N062221857575667,N062221857575667,N062221857575667,140
00040310007593,03-Mar-2022,DR,03-Mar-2022,N062221857575668,7425,03-Mar-2022,2198095-N062221857575668,N062221857575668,N062221857575668,141
00040310007593,03-Mar-2022,DR,03-Mar-2022,N062221857575669,11760,03-Mar-2022,2198096-N062221857575669,N062221857575669,N062221857575669,142
00040310007593,03-Mar-2022,DR,03-Mar-2022,N062221857575672,15840,03-Mar-2022,2198098-N062221857575672,N062221857575672,N062221857575672,143
00040310007593,03-Mar-2022,DR,03-Mar-2022,N062221857575674,13860,03-Mar-2022,2198099-N062221857575674,N062221857575674,N062221857575674,144
00040310007593,03-Mar-2022,DR,03-Mar-2022,N062221857575675,15840,03-Mar-2022,2198100-N062221857575675,N062221857575675,N062221857575675,145
00040310007593,03-Mar-2022,DR,03-Mar-2022,N062221857575676,22275,03-Mar-2022,2198101-N062221857575676,N062221857575676,N062221857575676,146
00040310007593,03-Mar-2022,DR,03-Mar-2022,N062221857575677,7920,03-Mar-2022,2198103-N062221857575677,N062221857575677,N062221857575677,147
00040310007593,03-Mar-2022,DR,03-Mar-2022,N062221857575678,81675,03-Mar-2022,2198104-N062221857575678,N062221857575678,N062221857575678,148
00040310007593,03-Mar-2022,DR,03-Mar-2022,N062221857575679,11598,03-Mar-2022,2198105-N062221857575679,N062221857575679,N062221857575679,149
00040310007593,03-Mar-2022,DR,03-Mar-2022,N062221857575681,28215,03-Mar-2022,2198106-N062221857575681,N062221857575681,N062221857575681,150
00040310007593,03-Mar-2022,DR,03-Mar-2022,N062221857575683,14199,03-Mar-2022,2198107-N062221857575683,N062221857575683,N062221857575683,151
00040310007593,03-Mar-2022,DR,03-Mar-2022,N062221857575684,31680,03-Mar-2022,2198108-N062221857575684,N062221857575684,N062221857575684,152
00040310007593,03-Mar-2022,DR,03-Mar-2022,N062221857575685,11880,03-Mar-2022,2198109-N062221857575685,N062221857575685,N062221857575685,153
00040310007593,03-Mar-2022,DR,03-Mar-2022,N062221857575687,10350,03-Mar-2022,2198113-N062221857575687,N062221857575687,N062221857575687,154
00040310007593,03-Mar-2022,DR,03-Mar-2022,N062221857575688,116384,03-Mar-2022,2198114-N062221857575688,N062221857575688,N062221857575688,155
00040310007593,03-Mar-2022,DR,03-Mar-2022,N062221857575691,7920,03-Mar-2022,2198115-N062221857575691,N062221857575691,N062221857575691,156
00040310007593,03-Mar-2022,DR,03-Mar-2022,N062221857575693,9900,03-Mar-2022,2198117-N062221857575693,N062221857575693,N062221857575693,157
00040310007593,03-Mar-2022,DR,03-Mar-2022,N062221857575694,7920,03-Mar-2022,2198118-N062221857575694,N062221857575694,N062221857575694,158
00040310007593,03-Mar-2022,DR,03-Mar-2022,N062221857575695,25740,03-Mar-2022,2198119-N062221857575695,N062221857575695,N062221857575695,159
00040310007593,03-Mar-2022,DR,03-Mar-2022,N062221857575696,15120,03-Mar-2022,2198120-N062221857575696,N062221857575696,N062221857575696,160
00040310007593,03-Mar-2022,DR,03-Mar-2022,N062221857575697,14355,03-Mar-2022,2198121-N062221857575697,N062221857575697,N062221857575697,161
00040310007593,03-Mar-2022,DR,03-Mar-2022,N062221857575698,7920,03-Mar-2022,2198122-N062221857575698,N062221857575698,N062221857575698,162
00040310007593,03-Mar-2022,DR,03-Mar-2022,N062221857575700,5940,03-Mar-2022,2198123-N062221857575700,N062221857575700,N062221857575700,163
00040310007593,03-Mar-2022,DR,03-Mar-2022,N062221857575702,105930,03-Mar-2022,2198124-N062221857575702,N062221857575702,N062221857575702,164
00040310007593,03-Mar-2022,DR,03-Mar-2022,N062221857575703,7920,03-Mar-2022,2198125-N062221857575703,N062221857575703,N062221857575703,165
00040310007593,03-Mar-2022,DR,03-Mar-2022,N062221857575704,113850,03-Mar-2022,2198126-N062221857575704,N062221857575704,N062221857575704,166
00040310007593,03-Mar-2022,DR,03-Mar-2022,N062221857575706,149768,03-Mar-2022,2198062-N062221857575706,N062221857575706,N062221857575706,167
00040310007593,03-Mar-2022,DR,03-Mar-2022,N062221857575707,27196,03-Mar-2022,2198063-N062221857575707,N062221857575707,N062221857575707,168
00040310007593,03-Mar-2022,DR,03-Mar-2022,N062221857575709,29700,03-Mar-2022,2198129-N062221857575709,N062221857575709,N062221857575709,169
00040310007593,03-Mar-2022,DR,03-Mar-2022,N062221857575711,7920,03-Mar-2022,2198130-N062221857575711,N062221857575711,N062221857575711,170
00040310007593,03-Mar-2022,DR,03-Mar-2022,N062221857575717,14058,03-Mar-2022,2198078-N062221857575717,N062221857575717,N062221857575717,171
00040310007593,03-Mar-2022,DR,03-Mar-2022,N062221857575714,24750,03-Mar-2022,2198132-N062221857575714,N062221857575714,N062221857575714,172
00040310007593,03-Mar-2022,DR,03-Mar-2022,N062221857575715,7920,03-Mar-2022,2198133-N062221857575715,N062221857575715,N062221857575715,173
00040310007593,03-Mar-2022,DR,03-Mar-2022,203033492741,13784,03-Mar-2022,2198065-203033492741,203033492741,203033492741,174
00040310007593,03-Mar-2022,DR,03-Mar-2022,203033492743,4638816,03-Mar-2022,2198077-203033492743,203033492743,203033492743,175
00040310007593,03-Mar-2022,DR,03-Mar-2022,203033492750,15928,03-Mar-2022,2198080-203033492750,203033492750,203033492750,176
00040310007593,03-Mar-2022,DR,03-Mar-2022,203033492865,27440,03-Mar-2022,2198136-203033492865,203033492865,203033492865,177
00040310007593,03-Mar-2022,DR,03-Mar-2022,203033492867,22770,03-Mar-2022,2198137-203033492867,203033492867,203033492867,178
00040310007593,03-Mar-2022,DR,03-Mar-2022,203033492869,15840,03-Mar-2022,2198138-203033492869,203033492869,203033492869,179
00040310007593,03-Mar-2022,DR,03-Mar-2022,203033492756,66330,03-Mar-2022,2198083-203033492756,203033492756,203033492756,180
00040310007593,03-Mar-2022,DR,03-Mar-2022,203033492760,3960,03-Mar-2022,2198085-203033492760,203033492760,203033492760,181
00040310007593,03-Mar-2022,DR,03-Mar-2022,203033492879,4950,03-Mar-2022,2198144-203033492879,203033492879,203033492879,182
00040310007593,03-Mar-2022,DR,03-Mar-2022,203033492768,9900,03-Mar-2022,2198088-203033492768,203033492768,203033492768,183
00040310007593,03-Mar-2022,DR,03-Mar-2022,203033492789,29700,03-Mar-2022,2198097-203033492789,203033492789,203033492789,184
00040310007593,03-Mar-2022,DR,03-Mar-2022,203033492798,13365,03-Mar-2022,2198102-203033492798,203033492798,203033492798,185
00040310007593,03-Mar-2022,DR,03-Mar-2022,203033492814,119475,03-Mar-2022,2198110-203033492814,203033492814,203033492814,186
00040310007593,03-Mar-2022,DR,03-Mar-2022,203033492816,19800,03-Mar-2022,2198111-203033492816,203033492816,203033492816,187
00040310007593,03-Mar-2022,DR,03-Mar-2022,203033492818,15840,03-Mar-2022,2198112-203033492818,203033492818,203033492818,188
00040310007593,03-Mar-2022,DR,03-Mar-2022,203033492826,43560,03-Mar-2022,2198116-203033492826,203033492826,203033492826,189
00040310007593,03-Mar-2022,DR,03-Mar-2022,203033492850,4950,03-Mar-2022,2198127-203033492850,203033492850,203033492850,190
00040310007593,03-Mar-2022,DR,03-Mar-2022,203033492852,7920,03-Mar-2022,2198128-203033492852,203033492852,203033492852,191
00040310007593,03-Mar-2022,DR,03-Mar-2022,203033492857,4081489,03-Mar-2022,2198131-203033492857,203033492857,203033492857,192
00040310007593,03-Mar-2022,DR,03-Mar-2022,N062221857568305,506,03-Mar-2022,2198173-N062221857568305,N062221857568305,N062221857568305,193
00040310007593,03-Mar-2022,DR,03-Mar-2022,N062221857568409,34200,03-Mar-2022,2198222-N062221857568409,N062221857568409,N062221857568409,194
00040310007593,03-Mar-2022,DR,03-Mar-2022,N062221857574326,73800,03-Mar-2022,2198226-N062221857574326,N062221857574326,N062221857574326,195
00040310007593,03-Mar-2022,DR,03-Mar-2022,N062221857577799,5886,03-Mar-2022,2198262-N062221857577799,N062221857577799,N062221857577799,196
00040310007593,03-Mar-2022,DR,03-Mar-2022,N062221857574472,9900,03-Mar-2022,2198184-N062221857574472,N062221857574472,N062221857574472,197
00040310007593,03-Mar-2022,DR,03-Mar-2022,N062221857528202,3240,03-Mar-2022,2198207-N062221857528202,N062221857528202,N062221857528202,198
00040310007593,03-Mar-2022,DR,03-Mar-2022,N062221857568931,2821,03-Mar-2022,2198153-N062221857568931,N062221857568931,N062221857568931,199
00040310007593,03-Mar-2022,DR,03-Mar-2022,N062221857568974,263700,03-Mar-2022,2198743-N062221857568974,N062221857568974,N062221857568974,200
00040310007593,03-Mar-2022,DR,03-Mar-2022,N062221857575040,556714,03-Mar-2022,2198744-N062221857575040,N062221857575040,N062221857575040,201
00040310007593,03-Mar-2022,DR,03-Mar-2022,N062221857592357,81200,03-Mar-2022,2198167-N062221857592357,N062221857592357,N062221857592357,202
00040310007593,03-Mar-2022,DR,03-Mar-2022,N062221857589827,850760,03-Mar-2022,2198030-N062221857589827,N062221857589827,N062221857589827,203
00040310007593,03-Mar-2022,DR,03-Mar-2022,N062221857593210,826712,03-Mar-2022,2198031-N062221857593210,N062221857593210,N062221857593210,204
00040310007593,03-Mar-2022,DR,03-Mar-2022,N062221857593259,985,03-Mar-2022,2198032-N062221857593259,N062221857593259,N062221857593259,205
00040310007593,03-Mar-2022,DR,03-Mar-2022,N062221857593480,2153,03-Mar-2022,2196715-N062221857593480,N062221857593480,N062221857593480,206
00040310007593,03-Mar-2022,DR,03-Mar-2022,N062221857596586,18852,03-Mar-2022,2198742-N062221857596586,N062221857596586,N062221857596586,207
00040310007593,03-Mar-2022,DR,03-Mar-2022,N062221857677602,26823800,03-Mar-2022,2198755-N062221857677602,N062221857677602,N062221857677602,208
00040310007593,03-Mar-2022,DR,03-Mar-2022,N062221857706801,432000,03-Mar-2022,2198753-N062221857706801,N062221857706801,N062221857706801,209
00040310007593,03-Mar-2022,DR,03-Mar-2022,N062221857706812,567000,03-Mar-2022,2198751-N062221857706812,N062221857706812,N062221857706812,210
00040310007593,03-Mar-2022,DR,03-Mar-2022,N062221857706847,18000,03-Mar-2022,2198754-N062221857706847,N062221857706847,N062221857706847,211
00040310007593,03-Mar-2022,DR,03-Mar-2022,203034463170,18000,03-Mar-2022,2198752-203034463170,203034463170,203034463170,212
00040310007593,03-Mar-2022,DR,03-Mar-2022,690073,2134,03-Mar-2022,CHQ PAID-INWARD TRAN-JAYS CONSULTANTS-690073,690073,690073,213
00040310007593,03-Mar-2022,CR,03-Mar-2022,EOD_03032022_102919939.00,102919939,03-Mar-2022,EOD SWEEP 00040310001687-EOD_03032022_102919939.00,EOD_03032022_102919939.00,EOD_03032022_102919939.00,214
