﻿Account Number,Statement Number,Transaction Type Debit(Dr)/Credit(Cr),Trasaction Date,Bank Transaction Number,Amount,Value Date,Description,Challan No,Agreement No,Line Number
00040310001687,03-Mar-2022,CR,03-Mar-2022,112894351,145000,03-Mar-2022,50200006786724-TPT-PAY TO CHOLA-ARPAN TRADERS-112894351,112894351,112894351,1
00040310001687,03-Mar-2022,CR,03-Mar-2022,ICICR42022030300500598,1300000,03-Mar-2022,RTGS CR-ICIC0000011-COMPSTORE-CHOLAMADALAM INVESTMENT AND FINANCE COMPANY-ICICR42022030300500598-ICICR42022030300500598,ICICR42022030300500598,ICICR42022030300500598,2
00040310001687,03-Mar-2022,DR,03-Mar-2022,202242460625,400000000,03-Mar-2022,114979-202242460625,202242460625,202242460625,3
00040310001687,03-Mar-2022,CR,03-Mar-2022,ICICO22062002048,1300000000,03-Mar-2022,NEFT CR-ICIC0000009-CHOLAMANDALAM INVEST AND FIN CO LTD-CHOLAMANDALAM INVEST AND FIN CO LTD-ICICO22062002048-ICICO22062002048,ICICO22062002048,ICICO22062002048,4
00040310001687,03-Mar-2022,CR,03-Mar-2022,ICICO22062002591,173339908,03-Mar-2022,NEFT CR-ICIC0000009-CHOLAMANDALAM INVEST AND FIN CO LTD-CHOLAMANDALAM INVEST AND FIN CO LTD-ICICO22062002591-ICICO22062002591,ICICO22062002591,ICICO22062002591,5
00040310001687,03-Mar-2022,CR,03-Mar-2022,ICICO22062002592,1311483.22,03-Mar-2022,NEFT CR-ICIC0000009-CHOLAMANDALAM INVEST AND FIN CO LTD-CHOLAMANDALAM INVEST AND FIN CO LTD-ICICO22062002592-ICICO22062002592,ICICO22062002592,ICICO22062002592,6
00040310001687,03-Mar-2022,CR,03-Mar-2022,ICICO22062000697,15695793,03-Mar-2022,NEFT CR-ICIC0000009-CHOLAMANDALAM INVEST AND FIN CO LTD-CHOLAMANDALAM INVEST AND FIN CO LTD-ICICO22062000697-ICICO22062000697,ICICO22062000697,ICICO22062000697,7
00040310001687,03-Mar-2022,CR,03-Mar-2022,IDFBH22062745776,1945185,03-Mar-2022,NEFT CR-IDFB0010201-CHOLAMANDALAM INVESTMENT AND FINANC-CHOLAMANDALAM INVESTMENT AND FINANC-IDFBH22062745776-IDFBH22062745776,IDFBH22062745776,IDFBH22062745776,8
00040310001687,03-Mar-2022,CR,03-Mar-2022,CITIR52022030300701636,350000000,03-Mar-2022,RTGS CR-CITI0000003-CHOLAMANDALAM INVT FINC CO LTD-CHOLAMANDALAM INV AND FIN CO LTD-CITIR52022030300701636-CITIR52022030300701636,CITIR52022030300701636,CITIR52022030300701636,9
00040310001687,03-Mar-2022,CR,03-Mar-2022,SBINR12022030370050487,200000000,03-Mar-2022,RTGS CR-SBIN0004266-CHOLAMANDALAM INVESTMENT AND FINANC-CHOLAMANDALAM INVESTMENT AND FINANC-SBINR12022030370050487-SBINR12022030370050487,SBINR12022030370050487,SBINR12022030370050487,10
00040310001687,03-Mar-2022,CR,03-Mar-2022,KKBKH22062638089,2248627.69,03-Mar-2022,NEFT CR-KKBK0000958-CHOLAMANDALAM INV AND FIN COM LTD-CHOLAMANDALAM INVESTMENT AND FIN-KKBKH22062638089-KKBKH22062638089,KKBKH22062638089,KKBKH22062638089,11
00040310001687,03-Mar-2022,DR,03-Mar-2022,CDT2206208224945,4.5,03-Mar-2022,CGST-OUTWARD CHQ RTN CHARGES-CDT2206208224945-CDT2206208224945,CDT2206208224945,CDT2206208224945,12
00040310001687,03-Mar-2022,DR,03-Mar-2022,CDT2206208224945,4.5,03-Mar-2022,SGST-OUTWARD CHQ RTN CHARGES-CDT2206208224945-CDT2206208224945,CDT2206208224945,CDT2206208224945,13
00040310001687,03-Mar-2022,CR,03-Mar-2022,UTIBR52022030300164313,2100000,03-Mar-2022,RTGS CR-UTIB0001405-SUDAMA STAINLESS STEEL INDUSTRIES-CHOLAMANDALAM INVESTMENT AND FINANC-UTIBR52022030300164313-UTIBR52022030300164313,UTIBR52022030300164313,UTIBR52022030300164313,14
00040310001687,03-Mar-2022,CR,03-Mar-2022,SBINR12022030370053096,500002,03-Mar-2022,RTGS CR-SBIN0020254-MAA SANTOSHI TRADERS-CHOLAMANDALAM INVESTMENT AND FINANC-SBINR12022030370053096-SBINR12022030370053096,SBINR12022030370053096,SBINR12022030370053096,15
00040310001687,03-Mar-2022,CR,03-Mar-2022,103748823,320000,03-Mar-2022,50200021103117-TPT-SAIVARAM ENT HYD-SAIVARAM ENTERPRISES-103748823,103748823,103748823,16
00040310001687,03-Mar-2022,CR,03-Mar-2022,SBINR52022030370060196,540859,03-Mar-2022,RTGS CR-SBIN0011707-GAJANAN AUTO MOBILES-CHOLAMANDALAM INVESTMENT AND FIN CO-SBINR52022030370060196-SBINR52022030370060196,SBINR52022030370060196,SBINR52022030370060196,17
00040310001687,03-Mar-2022,CR,03-Mar-2022,INDBR22022030300544275,6806324,03-Mar-2022,RTGS CR-INDB0000006-CHOLAMANDALAM INVESTMENT AND FINANC-CHOLAMANDALAM INVESTMENT AND FINANC-INDBR22022030300544275-INDBR22022030300544275,INDBR22022030300544275,INDBR22022030300544275,18
00040310001687,03-Mar-2022,CR,03-Mar-2022,HSBCN22062530071,800467.77,03-Mar-2022,NEFT CR-HSBC0600002-CHOLAMANDALAM INVESTMENT AND FINANC-CHOLAMANDALAM INVEST AND FIN COMP L-HSBCN22062530071-HSBCN22062530071,HSBCN22062530071,HSBCN22062530071,19
00040310001687,03-Mar-2022,CR,03-Mar-2022,HSBCN22062530072,543528.72,03-Mar-2022,NEFT CR-HSBC0600002-CHOLAMANDALAM INVESTMENT AND FINANC-CHOLAMANDALAM INVEST AND FIN COMP L-HSBCN22062530072-HSBCN22062530072,HSBCN22062530072,HSBCN22062530072,20
00040310001687,03-Mar-2022,CR,03-Mar-2022,UTIBR52022030300174901,2700000,03-Mar-2022,RTGS CR-UTIB0001164-TIWAM STAINLESS TUBES PRIVATE LIMIT-CHOLAMANDALAM INVESTMENT FINA-UTIBR52022030300174901-UTIBR52022030300174901,UTIBR52022030300174901,UTIBR52022030300174901,21
00040310001687,03-Mar-2022,CR,03-Mar-2022,BKIDN22062319794,115576,03-Mar-2022,NEFT CR-BKID0000200-PACKKART RESOURCES PVT LTD-CHOLAMANDALAM INVESTMENT AND FINANC-BKIDN22062319794-BKIDN22062319794,BKIDN22062319794,BKIDN22062319794,22
00040310001687,03-Mar-2022,CR,03-Mar-2022,UTIBR52022030300351902,82403079,03-Mar-2022,RTGS CR-UTIB0000006-CHOLAMANDALAM INVESTMENT FINANCE CO-CHOLAMANDALAM INVESTMENT AND FINANC-UTIBR52022030300351902-UTIBR52022030300351902,UTIBR52022030300351902,UTIBR52022030300351902,23
00040310001687,03-Mar-2022,CR,03-Mar-2022,BKIDN22062326000,129598,03-Mar-2022,NEFT CR-BKID0000200-JDS PRINTERS-CHOLAMANDALAM INVESTMENT AND FINANC-BKIDN22062326000-BKIDN22062326000,BKIDN22062326000,BKIDN22062326000,24
00040310001687,03-Mar-2022,CR,03-Mar-2022,108521572,1132202,03-Mar-2022,50200026941459-TPT-PR00025549-A S K RATHNASAMY NADAR-108521572,108521572,108521572,25
00040310001687,03-Mar-2022,CR,03-Mar-2022,131828718,10000,03-Mar-2022,50100194588542-TPT-PROCESSING-YENNAM HARIKANTH REDDY-131828718,131828718,131828718,26
00040310001687,03-Mar-2022,CR,03-Mar-2022,KVBLR52022030364283263,402613,03-Mar-2022,RTGS CR-KVBL0001195-K K TRADERS-CHOLAMANDALAM INVESTMENT AND FINAN-KVBLR52022030364283263-KVBLR52022030364283263,KVBLR52022030364283263,KVBLR52022030364283263,27
00040310001687,03-Mar-2022,CR,03-Mar-2022,BARBW22062517566,100178,03-Mar-2022,NEFT CR-BARB0VJPANA-JOHN CHAGAS PEREIRA AND SON-CHOLA-BARBW22062517566-BARBW22062517566,BARBW22062517566,BARBW22062517566,28
00040310001687,03-Mar-2022,CR,03-Mar-2022,183567275,123287,03-Mar-2022,FT- INTEREST PAID-50200034223991 - QUADRILLION FINANCE PRIVATE LIMITED --183567275,183567275,183567275,29
00040310001687,03-Mar-2022,DR,03-Mar-2022,HDFCR52022030350859773,1106005000,03-Mar-2022,RTGS DR-ICIC0000009-CHOLAMANDALAMINVESTMENTANDFINANCECO-NETBANK MUM-HDFCR52022030350859773-HDFCR52022030350859773,HDFCR52022030350859773,HDFCR52022030350859773,30
00040310001687,03-Mar-2022,DR,03-Mar-2022,HDFCR52022030350857491,18000000,03-Mar-2022,RTGS DR-CITI0100000-CHOLAMANDALAMINVESTMENTANDFINANCECO-NETBANK MUM-HDFCR52022030350857491-HDFCR52022030350857491,HDFCR52022030350857491,HDFCR52022030350857491,31
00040310001687,03-Mar-2022,DR,03-Mar-2022,203033420241,1300000000,03-Mar-2022,115317-203033420241,203033420241,203033420241,32
00040310001687,03-Mar-2022,DR,03-Mar-2022,HDFCR52022030350859776,300000000,03-Mar-2022,RTGS DR-CNRB0002596-CHOLAMANDALAMINVESTMENTANDFINANCECO-NETBANK MUM-HDFCR52022030350859776-HDFCR52022030350859776,HDFCR52022030350859776,HDFCR52022030350859776,33
00040310001687,03-Mar-2022,DR,03-Mar-2022,HDFCR52022030350859782,65000000,03-Mar-2022,RTGS DR-SBIN0009999-CHOLAMANDALAMINVESTMENTANDFINANCECO-NETBANK MUM-HDFCR52022030350859782-HDFCR52022030350859782,HDFCR52022030350859782,HDFCR52022030350859782,34
00040310001687,03-Mar-2022,CR,03-Mar-2022,KKBKR52022030300724273,360000,03-Mar-2022,RTGS CR-KKBK0000958-KAVITA DISTRIBUTORS-CHOLAMANDALAM-KKBKR52022030300724273-KKBKR52022030300724273,KKBKR52022030300724273,KKBKR52022030300724273,35
00040310001687,03-Mar-2022,CR,03-Mar-2022,KKBKH22062710182,436775,03-Mar-2022,NEFT CR-KKBK0000958-TECHQUEST BUSINESS SOLUTIONS-CHOLAMANDALAM INVESTMENT AND FINANC-KKBKH22062710182-KKBKH22062710182,KKBKH22062710182,KKBKH22062710182,36
00040310001687,03-Mar-2022,CR,03-Mar-2022,SBIN222062858236,200000,03-Mar-2022,NEFT CR-SBIN0000511-SILICON COMPUTERS-CHOLA MANDALAM INVSMNT AND FIN CO-SBIN222062858236-SBIN222062858236,SBIN222062858236,SBIN222062858236,37
00040310001687,03-Mar-2022,CR,03-Mar-2022,26568294041DC,87317,03-Mar-2022,NEFT CR-ICIC0SF0002-NAKODA PRINT AND PAC-NITISH JHA-26568294041DC-26568294041DC,26568294041DC,26568294041DC,38
00040310001687,03-Mar-2022,CR,03-Mar-2022,RPA-03032022-3000.00-DDC,3000,03-Mar-2022,CASH DEP PARRYSCORNER-RPA-03032022-3000.00-DDC,RPA-03032022-3000.00-DDC,RPA-03032022-3000.00-DDC,39
00040310001687,03-Mar-2022,CR,03-Mar-2022,AXMB220625810273,541,03-Mar-2022,NEFT CR-UTIB0002762-PRAVIN INDUSTRIES-CHOLAMANDALAM-AXMB220625810273-AXMB220625810273,AXMB220625810273,AXMB220625810273,40
00040310001687,03-Mar-2022,CR,03-Mar-2022,FDRLR52022030300146835,26789835,03-Mar-2022,RTGS CR-FDRL0001424-CHOLAMANDALAM INVESTMENT AND FINANC-CHOLAMANDALAM INVEST AND FINANCE-FDRLR52022030300146835-FDRLR52022030300146835,FDRLR52022030300146835,FDRLR52022030300146835,41
00040310001687,03-Mar-2022,CR,03-Mar-2022,DCBLR52022030300005525,270000,03-Mar-2022,RTGS CR-DCBL0000051-SRI VENKATESHWARA TRADERS-CHOLAMANDALAM INVESTMENT AND FINANC-DCBLR52022030300005525-DCBLR52022030300005525,DCBLR52022030300005525,DCBLR52022030300005525,42
00040310001687,03-Mar-2022,CR,03-Mar-2022,SBINR52022030370182896,3000000,03-Mar-2022,RTGS CR-SBIN0040236-YEXIS SOLUTIONS-CHOLAMANDALAM INVESTMENT AND FINANC-SBINR52022030370182896-SBINR52022030370182896,SBINR52022030370182896,SBINR52022030370182896,43
00040310001687,03-Mar-2022,CR,03-Mar-2022,UBINR22022030301383385,210000,03-Mar-2022,RTGS CR-UBIN0531626-INP COMPUTER TECHNOLOGY PRIVATE LI-CHOLAMANDALAM INVESTMENT AND-UBINR22022030301383385-UBINR22022030301383385,UBINR22022030301383385,UBINR22022030301383385,44
00040310001687,03-Mar-2022,CR,03-Mar-2022,SKSBR92022030385000050,359434,03-Mar-2022,RTGS CR-SKSB0000002-SHRIKANT ELECTRONICS MOBILE SHOPP-CHOLAMANDALAM INVESTMENT AND FINAN-SKSBR92022030385000050-SKSBR92022030385000050,SKSBR92022030385000050,SKSBR92022030385000050,45
00040310001687,03-Mar-2022,CR,03-Mar-2022,HSBCN22062573241,3092640.82,03-Mar-2022,NEFT CR-HSBC0600002-TUBE INVESTMENTS OF INDIA LIMITED-CHOLAMANDALAM INVESTMENT AND FINANC-HSBCN22062573241-HSBCN22062573241,HSBCN22062573241,HSBCN22062573241,46
00040310001687,03-Mar-2022,CR,03-Mar-2022,CNRBR52022030377988281,400000,03-Mar-2022,RTGS CR-CNRB0000344-PAWAN MARKETING-CHOLAMANDALAM INVESTMENT AND FINANC-CNRBR52022030377988281-CNRBR52022030377988281,CNRBR52022030377988281,CNRBR52022030377988281,47
00040310001687,03-Mar-2022,CR,03-Mar-2022,58457,131359,03-Mar-2022,CHQ DEP - MICR - 12 - RAJKOT SERVICE BRN-58457,58457,58457,48
00040310001687,03-Mar-2022,CR,03-Mar-2022,363027,742299,03-Mar-2022,CHQ DEP - MICR - 22 - RAJAHMUNDRY A.P.-363027,363027,363027,49
00040310001687,03-Mar-2022,CR,03-Mar-2022,116592323,850000,03-Mar-2022,59209890141028-TPT-TR-YUVRAJ MOBILE AGENCY-116592323,116592323,116592323,50
00040310001687,03-Mar-2022,CR,03-Mar-2022,206230895208,1113,03-Mar-2022,UPI-MS ALASKA PRINTER-SINGHKETAN2@YBL-IDIB000B022-206230895208-ALASKA PRINTERS-206230895208,206230895208,206230895208,51
00040310001687,03-Mar-2022,CR,03-Mar-2022,206216275479,114042,03-Mar-2022,IMPS-206216275479-MGANESHPRABHU-UTIB-XXXXXXXXXXX9548--206216275479,206216275479,206216275479,52
00040310001687,03-Mar-2022,CR,03-Mar-2022,ICICR22022030300011018,693085.6,03-Mar-2022,RTGS CR-ICIC0000104-MOGLI LABS INDIA PVT LTD-CHOLAMANDALAM INVESTMENT FINANCE-ICICR22022030300011018-ICICR22022030300011018,ICICR22022030300011018,ICICR22022030300011018,53
00040310001687,03-Mar-2022,CR,03-Mar-2022,ICICR22022030300011019,220574.63,03-Mar-2022,RTGS CR-ICIC0000104-MOGLI LABS INDIA PVT LTD-CHOLAMANDALAM INVESTMENT FINANCE-ICICR22022030300011019-ICICR22022030300011019,ICICR22022030300011019,ICICR22022030300011019,54
00040310001687,03-Mar-2022,CR,03-Mar-2022,117948231,265,03-Mar-2022,50200061964359-TPT-CHOLAMANDALAM INVEST-PARAS INDUSTRIES (INDIA)-117948231,117948231,117948231,55
00040310001687,03-Mar-2022,CR,03-Mar-2022,SBINR12022030370236488,500002,03-Mar-2022,RTGS CR-SBIN0020254-MAA SANTOSHI TRADERS-CHOLAMANDALAM INVESTMENT AND FINANC-SBINR12022030370236488-SBINR12022030370236488,SBINR12022030370236488,SBINR12022030370236488,56
00040310001687,03-Mar-2022,CR,03-Mar-2022,FDRLR52022030300189146,2333000,03-Mar-2022,RTGS CR-FDRL0001982-CITI STEEL-CHOLAMANDALAM INVESTMENT FINANCE C-FDRLR52022030300189146-FDRLR52022030300189146,FDRLR52022030300189146,FDRLR52022030300189146,57
00040310001687,03-Mar-2022,CR,03-Mar-2022,FDRLR52022030300191519,1741214,03-Mar-2022,RTGS CR-FDRL0001982-CITI STEEL-CHOLAMANDALAM INVESTMENT FINANCE C-FDRLR52022030300191519-FDRLR52022030300191519,FDRLR52022030300191519,FDRLR52022030300191519,58
00040310001687,03-Mar-2022,CR,03-Mar-2022,UCBAH22062868700,47320,03-Mar-2022,NEFT CR-UCBA0000964-SRI VENKATESWARA ENGINEERING-CHOLAMANDALAM INVESTMENT AND FINANA-UCBAH22062868700-UCBAH22062868700,UCBAH22062868700,UCBAH22062868700,59
00040310001687,03-Mar-2022,CR,03-Mar-2022,BARBR52022030300905799,2026000,03-Mar-2022,RTGS CR-BARB0INFIMA-CHOLAMANDALAM INVESTMENT FINANCE-CHOLAMANDALAM INVESTMENT AND FINANC-BARBR52022030300905799-BARBR52022030300905799,BARBR52022030300905799,BARBR52022030300905799,60
00040310001687,03-Mar-2022,DR,03-Mar-2022,405930,59829,03-Mar-2022,CHQ DEP RET- FUNDS INSUFFICIENT-405930,405930,405930,61
00040310001687,03-Mar-2022,DR,03-Mar-2022,504587,86383,03-Mar-2022,CHQ DEP RET- FUNDS INSUFFICIENT-504587,504587,504587,62
00040310001687,03-Mar-2022,DR,03-Mar-2022,139970,29571,03-Mar-2022,CHQ DEP RET- FUNDS INSUFFICIENT-139970,139970,139970,63
00040310001687,03-Mar-2022,DR,03-Mar-2022,913747,48709,03-Mar-2022,CHQ DEP RET- EXCEEDS ARRANGEMENT-913747,913747,913747,64
00040310001687,03-Mar-2022,DR,03-Mar-2022,342705,94630,03-Mar-2022,CHQ DEP RET- FUNDS INSUFFICIENT-342705,342705,342705,65
00040310001687,03-Mar-2022,DR,03-Mar-2022,289510,98596,03-Mar-2022,CHQ DEP RET- ACCOUNT CLOSED-289510,289510,289510,66
00040310001687,03-Mar-2022,DR,03-Mar-2022,536118,5556,03-Mar-2022,CHQ DEP RET- FUNDS INSUFFICIENT-536118,536118,536118,67
00040310001687,03-Mar-2022,DR,03-Mar-2022,491149,109175,03-Mar-2022,CHQ DEP RET- FUNDS INSUFFICIENT-491149,491149,491149,68
00040310001687,03-Mar-2022,DR,03-Mar-2022,130027,2627,03-Mar-2022,CHQ DEP RET- FUNDS INSUFFICIENT-130027,130027,130027,69
00040310001687,03-Mar-2022,DR,03-Mar-2022,4,28811,03-Mar-2022,CHQ DEP RET- FUNDS INSUFFICIENT-4,4,4,70
00040310001687,03-Mar-2022,DR,03-Mar-2022,421843,42100,03-Mar-2022,CHQ DEP RET- FUNDS INSUFFICIENT-421843,421843,421843,71
00040310001687,03-Mar-2022,DR,03-Mar-2022,496508,83722,03-Mar-2022,CHQ DEP RET- EXCEEDS ARRANGEMENT-496508,496508,496508,72
00040310001687,03-Mar-2022,DR,03-Mar-2022,275551,65530,03-Mar-2022,CHQ DEP RET- EXCEEDS ARRANGEMENT-275551,275551,275551,73
00040310001687,03-Mar-2022,DR,03-Mar-2022,502563,98920,03-Mar-2022,CHQ DEP RET- FUNDS INSUFFICIENT-502563,502563,502563,74
00040310001687,03-Mar-2022,DR,03-Mar-2022,528347,51189,03-Mar-2022,CHQ DEP RET- FUNDS INSUFFICIENT-528347,528347,528347,75
00040310001687,03-Mar-2022,DR,03-Mar-2022,407614,204802,03-Mar-2022,CHQ DEP RET- EXCEEDS ARRANGEMENT-407614,407614,407614,76
00040310001687,03-Mar-2022,DR,03-Mar-2022,120,112122,03-Mar-2022,CHQ DEP RET- EXCEEDS ARRANGEMENT-120,120,120,77
00040310001687,03-Mar-2022,DR,03-Mar-2022,5492,56679,03-Mar-2022,CHQ DEP RET- FUNDS INSUFFICIENT-5492,5492,5492,78
00040310001687,03-Mar-2022,DR,03-Mar-2022,130548,1597370,03-Mar-2022,CHQ DEP RET- EFFECTS NOT CLEARED- PRESEN-130548,130548,130548,79
00040310001687,03-Mar-2022,DR,03-Mar-2022,213409,159502,03-Mar-2022,CHQ DEP RET- EXCEEDS ARRANGEMENT-213409,213409,213409,80
00040310001687,03-Mar-2022,DR,03-Mar-2022,722326,67812,03-Mar-2022,CHQ DEP RET- FUNDS INSUFFICIENT-722326,722326,722326,81
00040310001687,03-Mar-2022,DR,03-Mar-2022,8356,199494,03-Mar-2022,CHQ DEP RET- FUNDS INSUFFICIENT-8356,8356,8356,82
00040310001687,03-Mar-2022,CR,03-Mar-2022,203033894941,93670,03-Mar-2022,CARBORUNDUM UN-FBMMNC-203033894941,203033894941,203033894941,83
00040310001687,03-Mar-2022,CR,03-Mar-2022,497465,65858,03-Mar-2022,CHQ DEP - MICR CLG - MODEL COLONY-PUNE-497465,497465,497465,84
00040310001687,03-Mar-2022,CR,03-Mar-2022,AXSK220620018493,91716,03-Mar-2022,NEFT CR-UTIB0001634-PENNAR INDUSTRIES LIMITED-CHOLAMANDALAM INVESTMENT AND FINAN-AXSK220620018493-AXSK220620018493,AXSK220620018493,AXSK220620018493,85
00040310001687,03-Mar-2022,CR,03-Mar-2022,SBINR12022030370253458,1844474,03-Mar-2022,RTGS CR-SBIN0004266-CG POWER AND INDUSTRIAL SOLUTIONS L-CHOLAMANDALAM INVESTMENT AND FINANC-SBINR12022030370253458-SBINR12022030370253458,SBINR12022030370253458,SBINR12022030370253458,86
00040310001687,03-Mar-2022,CR,03-Mar-2022,SBINR12022030370253464,1564792,03-Mar-2022,RTGS CR-SBIN0004266-CG POWER AND INDUSTRIAL SOLUTIONS L-CHOLAMANDALAM INVESTMENT AND FINANC-SBINR12022030370253464-SBINR12022030370253464,SBINR12022030370253464,SBINR12022030370253464,87
00040310001687,03-Mar-2022,CR,03-Mar-2022,26571985351DC,100557,03-Mar-2022,NEFT CR-ICIC0SF0002-RAJASREE CORPORATION-CHOLAMANDALAMINVESTMENTANDFINANCECOMPANY-26571985351DC-26571985351DC,26571985351DC,26571985351DC,88
00040310001687,03-Mar-2022,CR,03-Mar-2022,HSBCN22062606243,1027459.01,03-Mar-2022,NEFT CR-HSBC0600002-TUBE INVESTMENTS OF INDIA LIMITED-CHOLAMANDALAM INVESTMENT AND FINANC-HSBCN22062606243-HSBCN22062606243,HSBCN22062606243,HSBCN22062606243,89
00040310001687,03-Mar-2022,CR,03-Mar-2022,26572562531DC,50000,03-Mar-2022,NEFT CR-ICIC0SF0002-PARESH CYCLE STORES-CHOLAMADALAM INVESTMENT-26572562531DC-26572562531DC,26572562531DC,26572562531DC,90
00040310001687,03-Mar-2022,CR,03-Mar-2022,303i7081393371,80000,03-Mar-2022,NEFT CR-IBKL0NEFT01-PROTECH SERVICES-CHOLAMANDALAM INVESTMENTS AND FINANCE COMPANY LTD-0303I7081393371-303i7081393371,303i7081393371,303i7081393371,91
00040310001687,03-Mar-2022,CR,03-Mar-2022,PUNBH22062189225,150921,03-Mar-2022,NEFT CR-PUNB0001810-RAJ ENTERPRISES-CHOLAMANDALAM INVESTMENT AND FINANC-PUNBH22062189225-PUNBH22062189225,PUNBH22062189225,PUNBH22062189225,92
00040310001687,03-Mar-2022,CR,03-Mar-2022,UTIBR52022030300244906,2300000,03-Mar-2022,RTGS CR-UTIB0001405-SUDAMA STAINLESS STEEL INDUSTRIES-CHOLAMANDALAM INVESTMENT AND FINANC-UTIBR52022030300244906-UTIBR52022030300244906,UTIBR52022030300244906,UTIBR52022030300244906,93
00040310001687,03-Mar-2022,CR,03-Mar-2022,26573794961DC,227654,03-Mar-2022,NEFT CR-ICIC0SF0002-NEWTECH PRECISION PR-CHOLAMANDALAM INVESTMENT AND FINANCE CO LTD-26573794961DC-26573794961DC,26573794961DC,26573794961DC,94
00040310001687,03-Mar-2022,CR,03-Mar-2022,26573095051DC,1000000,03-Mar-2022,NEFT CR-ICIC0SF0002-DANI COMPUTER AND PE-CHOLAMANDALAMINVESTMENT-26573095051DC-26573095051DC,26573095051DC,26573095051DC,95
00040310001687,03-Mar-2022,CR,03-Mar-2022,ICICR42022030300548022,1700000,03-Mar-2022,RTGS CR-ICIC0000011-COMPSTORE-CHOLAMADALAM INVESTMENT AND FINANCE COMPANY-ICICR42022030300548022-ICICR42022030300548022,ICICR42022030300548022,ICICR42022030300548022,96
00040310001687,03-Mar-2022,CR,03-Mar-2022,P062220156331982,50000,03-Mar-2022,NEFT CR-CNRB0001972-TRINOX TUBES AND PIPES-CHOLAMANDALAM INVESTMENT FINANCE-P062220156331982-P062220156331982,P062220156331982,P062220156331982,97
00040310001687,03-Mar-2022,CR,03-Mar-2022,P062220156350727,1000000,03-Mar-2022,NEFT CR-CNRB0015247-RAHEE COMMUNICATION-CHOLAMANDALAM INVESTMENT AND FINANC-P062220156350727-P062220156350727,P062220156350727,P062220156350727,98
00040310001687,03-Mar-2022,CR,03-Mar-2022,KKBKH22062872010,300000,03-Mar-2022,NEFT CR-KKBK0000958-SRI BALAJI TRADING COMPANY-CHOLAMANDALM INVESTMENT AND FINANCE-KKBKH22062872010-KKBKH22062872010,KKBKH22062872010,KKBKH22062872010,99
00040310001687,03-Mar-2022,CR,03-Mar-2022,N062222004179062,194534,03-Mar-2022,NEFT CR-AUBL0002011-STARLET LED LIGHTING PRIVATE LIMITED-CHOLAMANDALAM I F C LTD-N062222004179062-N062222004179062,N062222004179062,N062222004179062,100
00040310001687,03-Mar-2022,CR,03-Mar-2022,FDRLH22062233289,450000,03-Mar-2022,NEFT CR-FDRL0001289-D J VENTURES-CHOLAMANDALAM INVESTMENT FINANCE-FDRLH22062233289-FDRLH22062233289,FDRLH22062233289,FDRLH22062233289,101
00040310001687,03-Mar-2022,CR,03-Mar-2022,29891,49237,03-Mar-2022,CHQ DEP MICR 08-MUM CLG - MICR CLG - MUM-29891,29891,29891,102
00040310001687,03-Mar-2022,CR,03-Mar-2022,N062220132099658,2800,03-Mar-2022,NEFT CR-KVBL0002101-BALAJIKRISHNANR-CHOLAMANDALAM INVEST-N062220132099658-N062220132099658,N062220132099658,N062220132099658,103
00040310001687,03-Mar-2022,CR,03-Mar-2022,206220361168,839,03-Mar-2022,IMPS-206220361168-AMBAY PRINTERS-IDFB-XXXXXXX2866--206220361168,206220361168,206220361168,104
00040310001687,03-Mar-2022,CR,03-Mar-2022,BARCR52022030300700203,4755966,03-Mar-2022,RTGS CR-BARC0INBBIR-CHOLAMANDALAM INVESTMENT AND FINANC-CHOLAMANDALAM INVESTMENT AND FINANC-BARCR52022030300700203-BARCR52022030300700203,BARCR52022030300700203,BARCR52022030300700203,105
00040310001687,03-Mar-2022,CR,03-Mar-2022,124576530,1538153,03-Mar-2022,50200015413706-TPT-PMT-BAJAJ DREAMZ-124576530,124576530,124576530,106
00040310001687,03-Mar-2022,CR,03-Mar-2022,124763318,443480,03-Mar-2022,50200016446825-TPT-PR000025374-SRI VIGNESHWARA ENTERPRISES-124763318,124763318,124763318,107
00040310001687,03-Mar-2022,CR,03-Mar-2022,124784868,7290,03-Mar-2022,50200016446825-TPT-PR00025374 IBT-SRI VIGNESHWARA ENTERPRISES-124784868,124784868,124784868,108
00040310001687,03-Mar-2022,CR,03-Mar-2022,N062221050320921,500000,03-Mar-2022,NEFT CR-YESB0000001-VENKATESHA SYSTEMS-CHOLAMANDALAM INVESTMENT AND FINANCE COMPANY LTD-N062221050320921-N062221050320921,N062221050320921,N062221050320921,109
00040310001687,03-Mar-2022,DR,03-Mar-2022,504587,50,03-Mar-2022,OUTWARD CHQ RTN CHARGES-504587,504587,504587,110
00040310001687,03-Mar-2022,DR,03-Mar-2022,130027,50,03-Mar-2022,OUTWARD CHQ RTN CHARGES-130027,130027,130027,111
00040310001687,03-Mar-2022,DR,03-Mar-2022,8356,50,03-Mar-2022,OUTWARD CHQ RTN CHARGES-8356,8356,8356,112
00040310001687,03-Mar-2022,DR,03-Mar-2022,139970,50,03-Mar-2022,OUTWARD CHQ RTN CHARGES-139970,139970,139970,113
00040310001687,03-Mar-2022,DR,03-Mar-2022,528347,50,03-Mar-2022,OUTWARD CHQ RTN CHARGES-528347,528347,528347,114
00040310001687,03-Mar-2022,DR,03-Mar-2022,407614,50,03-Mar-2022,OUTWARD CHQ RTN CHARGES-407614,407614,407614,115
00040310001687,03-Mar-2022,DR,03-Mar-2022,120,50,03-Mar-2022,OUTWARD CHQ RTN CHARGES-120,120,120,116
00040310001687,03-Mar-2022,DR,03-Mar-2022,5492,50,03-Mar-2022,OUTWARD CHQ RTN CHARGES-5492,5492,5492,117
00040310001687,03-Mar-2022,DR,03-Mar-2022,4,50,03-Mar-2022,OUTWARD CHQ RTN CHARGES-4,4,4,118
00040310001687,03-Mar-2022,DR,03-Mar-2022,342705,50,03-Mar-2022,OUTWARD CHQ RTN CHARGES-342705,342705,342705,119
00040310001687,03-Mar-2022,DR,03-Mar-2022,130548,50,03-Mar-2022,OUTWARD CHQ RTN CHARGES-130548,130548,130548,120
00040310001687,03-Mar-2022,DR,03-Mar-2022,213409,50,03-Mar-2022,OUTWARD CHQ RTN CHARGES-213409,213409,213409,121
00040310001687,03-Mar-2022,DR,03-Mar-2022,722326,50,03-Mar-2022,OUTWARD CHQ RTN CHARGES-722326,722326,722326,122
00040310001687,03-Mar-2022,DR,03-Mar-2022,421843,50,03-Mar-2022,OUTWARD CHQ RTN CHARGES-421843,421843,421843,123
00040310001687,03-Mar-2022,DR,03-Mar-2022,496508,50,03-Mar-2022,OUTWARD CHQ RTN CHARGES-496508,496508,496508,124
00040310001687,03-Mar-2022,DR,03-Mar-2022,275551,50,03-Mar-2022,OUTWARD CHQ RTN CHARGES-275551,275551,275551,125
00040310001687,03-Mar-2022,DR,03-Mar-2022,502563,50,03-Mar-2022,OUTWARD CHQ RTN CHARGES-502563,502563,502563,126
00040310001687,03-Mar-2022,DR,03-Mar-2022,536118,50,03-Mar-2022,OUTWARD CHQ RTN CHARGES-536118,536118,536118,127
00040310001687,03-Mar-2022,DR,03-Mar-2022,491149,50,03-Mar-2022,OUTWARD CHQ RTN CHARGES-491149,491149,491149,128
00040310001687,03-Mar-2022,DR,03-Mar-2022,405930,50,03-Mar-2022,OUTWARD CHQ RTN CHARGES-405930,405930,405930,129
00040310001687,03-Mar-2022,DR,03-Mar-2022,913747,50,03-Mar-2022,OUTWARD CHQ RTN CHARGES-913747,913747,913747,130
00040310001687,03-Mar-2022,CR,03-Mar-2022,EOD_03032022_236631565.61,236631565.61,03-Mar-2022,EOD SWEEP 00040310011598-EOD_03032022_236631565.61,EOD_03032022_236631565.61,EOD_03032022_236631565.61,131
00040310001687,03-Mar-2022,CR,03-Mar-2022,EOD_03032022_114705460.56,114705460.56,03-Mar-2022,EOD SWEEP 57500000404884-EOD_03032022_114705460.56,EOD_03032022_114705460.56,EOD_03032022_114705460.56,132
00040310001687,03-Mar-2022,CR,03-Mar-2022,EOD_03032022_351557298.75,351557298.75,03-Mar-2022,EOD SWEEP 00040310005866-EOD_03032022_351557298.75,EOD_03032022_351557298.75,EOD_03032022_351557298.75,133
00040310001687,03-Mar-2022,DR,03-Mar-2022,EOD_03032022_102919939.00,102919939,03-Mar-2022,EOD SWEEP 00040310007593-EOD_03032022_102919939.00,EOD_03032022_102919939.00,EOD_03032022_102919939.00,134
