﻿Account No,Statment No,Transaction Type,Transaction Date,Bank Transaction No,Amount,Value Date,Description,Challon No,Aggrement No,Line No
,01-Feb-22,cr,01-Feb-22,RPA--15500000-DDC,15500000,01-Feb-22," BY TRANSFER RTGS   HDFCR52022020193841421 CHOLAMANDALAMINV/HDFC TRANSFER FROM 94957000128",RPA--15500000-DDC,RPA--15500000-DDC,1
,01-Feb-22,cr,01-Feb-22,RPA--101955556-DDC,101955556,01-Feb-22," BY TRANSFER RTGS   HDFCR52022020193841519 CHOLAMANDALAMINV/HDFC TRANSFER FROM 94957000128",RPA--101955556-DDC,RPA--101955556-DDC,2
,01-Feb-22,dr,01-Feb-22,RPA--27555556-DDC,27555556,01-Feb-22," WITHDRAWAL TRANSFER INT TRF FRM 00000000829643521TO 00000006990273501 TRANSFER TO 6990273501 CHOLAMANDALAM INVESTMENT AND FINANCE COM PANY LIMI",RPA--27555556-DDC,RPA--27555556-DDC,3
,01-Feb-22,dr,01-Feb-22,RPA--15498881-DDC,15498881,01-Feb-22," WITHDRAWAL TRANSFER INT TRF FRM 00000000829643521TO 00000050491529702 TRANSFER TO 50491529702 CHOLAMANDALAM INVESTMENT AND FINANCE COMPANY LIMIT",RPA--15498881-DDC,RPA--15498881-DDC,4
,01-Feb-22,dr,01-Feb-22,RPA--43400000-DDC,43400000,01-Feb-22," WITHDRAWAL TRANSFER INT TRF FRM 00000000829643521TO 00000006872750515 TRANSFER TO 6872750515 CHOLAMANDALAM INVESTMENT AND FINANCE COM PANY LIMI",RPA--43400000-DDC,RPA--43400000-DDC,5
,01-Feb-22,dr,01-Feb-22,RPA--31000000-DDC,31000000,01-Feb-22," WITHDRAWAL TRANSFER INT TRF FRM 00000000829643521TO 00000006742645748 TRANSFER TO 6742645748 CHOLAMANDALAM INVESTMENT AND FINANCE COM PANY LIMI",RPA--31000000-DDC,RPA--31000000-DDC,6
