﻿Account Number,Statement Number,Transaction Type Debit(Dr)/Credit(Cr),Trasaction Date,Bank Transaction Number,Amount,Value Date,Description,Challan No,Agreement No,Line Number
CA00040310012010,03-Feb-2022,CR,03-Feb-2022,SBINR12022020365156367,4986440000,03-Feb-2022,RTGS Cr-SBIN0004266-SBIMF PRIMARYSBIMF PRIMARY-CHOLAMANDALAM INVESTMENT   FINANCE-SBINR12022020365156367-SBINR12022020365156367-CMS TF WBO MUMBAI,SBINR12022020365156367,SBINR12022020365156367,1
CA00040310012010,03-Feb-2022,CR,03-Feb-2022,UTIBR52022020300482290,1994576000,03-Feb-2022,RTGS Cr-UTIB0000447-EXPORT IMPORT BANK OF INDIA-CHOLAMANDALAM INVESTMENT AND FINANC-UTIBR52022020300482290-UTIBR52022020300482290-CMS TF WBO MUMBAI,UTIBR52022020300482290,UTIBR52022020300482290,2
CA00040310012010,03-Feb-2022,CR,03-Feb-2022,CITIR52022020300703614,2991864000,03-Feb-2022,RTGS Cr-CITI0100000-SUSP ACC CUSTODY - PURCHASES-CHOLAMANDALAM INVESTMENT AND FINANC-CITIR52022020300703614-CITIR52022020300703614-CMS TF WBO MUMBAI,CITIR52022020300703614,CITIR52022020300703614,3
CA00040310012010,03-Feb-2022,DR,03-Feb-2022,202033540940,9972880000,03-Feb-2022,113453-202033540940-NETBANK MUMBAI,202033540940,202033540940,4
