﻿Account Number,Statement Number,Transaction Type Debit(Dr)/Credit(Cr),Trasaction Date,Bank Transaction Number,Amount,Value Date,Description,Challan No,Agreement No,Line Number
OD57500000793270,01-Feb-2022,DR,01-Feb-2022,4LN06180190001,4224743.15,01-Feb-2022,AUTO INTEREST PAYMENT ON TERM LOAN AGAINST 004LN06180190001-4LN06180190001-ITC CENTRE ANNA SALAI,4LN06180190001,4LN06180190001,1
OD57500000793270,01-Feb-2022,DR,01-Feb-2022,4LN06190870001,3689212.33,01-Feb-2022,AUTO INTEREST PAYMENT ON TERM LOAN AGAINST 004LN06190870001-4LN06190870001-ITC CENTRE ANNA SALAI,4LN06190870001,4LN06190870001,2
OD57500000793270,01-Feb-2022,DR,01-Feb-2022,4LN06192420001,9029280.82,01-Feb-2022,AUTO INTEREST PAYMENT ON TERM LOAN AGAINST 004LN06192420001-4LN06192420001-ITC CENTRE ANNA SALAI,4LN06192420001,4LN06192420001,3
OD57500000793270,01-Feb-2022,DR,01-Feb-2022,4LN06192420002,38736729.45,01-Feb-2022,AUTO INTEREST PAYMENT ON TERM LOAN AGAINST 004LN06192420002-4LN06192420002-ITC CENTRE ANNA SALAI,4LN06192420002,4LN06192420002,4
OD57500000793270,01-Feb-2022,DR,01-Feb-2022,4LN06200810004,14894863.01,01-Feb-2022,AUTO INTEREST PAYMENT ON TERM LOAN AGAINST 004LN06200810004-4LN06200810004-ITC CENTRE ANNA SALAI,4LN06200810004,4LN06200810004,5
OD57500000793270,01-Feb-2022,DR,01-Feb-2022,4LN06200840002,8418835.62,01-Feb-2022,AUTO INTEREST PAYMENT ON TERM LOAN AGAINST 004LN06200840002-4LN06200840002-ITC CENTRE ANNA SALAI,4LN06200840002,4LN06200840002,6
OD57500000793270,01-Feb-2022,DR,01-Feb-2022,4LN06202440004,18132876.71,01-Feb-2022,AUTO INTEREST PAYMENT ON TERM LOAN AGAINST 004LN06202440004-4LN06202440004-ITC CENTRE ANNA SALAI,4LN06202440004,4LN06202440004,7
OD57500000793270,01-Feb-2022,DR,01-Feb-2022,4LN06202720001,15110730.61,01-Feb-2022,AUTO INTEREST PAYMENT ON TERM LOAN AGAINST 004LN06202720001-4LN06202720001-ITC CENTRE ANNA SALAI,4LN06202720001,4LN06202720001,8
OD57500000793270,01-Feb-2022,DR,01-Feb-2022,4LN06202730001,42310045.68,01-Feb-2022,AUTO INTEREST PAYMENT ON TERM LOAN AGAINST 004LN06202730001-4LN06202730001-ITC CENTRE ANNA SALAI,4LN06202730001,4LN06202730001,9
OD57500000793270,01-Feb-2022,DR,01-Feb-2022,4LN06203650001,16816438.37,01-Feb-2022,AUTO INTEREST PAYMENT ON TERM LOAN AGAINST 004LN06203650001-4LN06203650001-ITC CENTRE ANNA SALAI,4LN06203650001,4LN06203650001,10
OD57500000793270,01-Feb-2022,DR,01-Feb-2022,4LN06210560002,37470719.18,01-Feb-2022,AUTO INTEREST PAYMENT ON TERM LOAN AGAINST 004LN06210560002-4LN06210560002-ITC CENTRE ANNA SALAI,4LN06210560002,4LN06210560002,11
OD57500000793270,01-Feb-2022,DR,01-Feb-2022,4LN06210760001,18735359.59,01-Feb-2022,AUTO INTEREST PAYMENT ON TERM LOAN AGAINST 004LN06210760001-4LN06210760001-ITC CENTRE ANNA SALAI,4LN06210760001,4LN06210760001,12
OD57500000793270,01-Feb-2022,DR,01-Feb-2022,4LN06211800004,38583170.26,01-Feb-2022,AUTO INTEREST PAYMENT ON TERM LOAN AGAINST 004LN06211800004-4LN06211800004-ITC CENTRE ANNA SALAI,4LN06211800004,4LN06211800004,13
OD57500000793270,01-Feb-2022,DR,01-Feb-2022,4LN06212720002,19913405.09,01-Feb-2022,AUTO INTEREST PAYMENT ON TERM LOAN AGAINST 004LN06212720002-4LN06212720002-ITC CENTRE ANNA SALAI,4LN06212720002,4LN06212720002,14
OD57500000793270,01-Feb-2022,DR,01-Feb-2022,4LN06212720003,9956702.55,01-Feb-2022,AUTO INTEREST PAYMENT ON TERM LOAN AGAINST 004LN06212720003-4LN06212720003-ITC CENTRE ANNA SALAI,4LN06212720003,4LN06212720003,15
OD57500000793270,01-Feb-2022,DR,01-Feb-2022,4LN06212720004,9956702.55,01-Feb-2022,AUTO INTEREST PAYMENT ON TERM LOAN AGAINST 004LN06212720004-4LN06212720004-ITC CENTRE ANNA SALAI,4LN06212720004,4LN06212720004,16
OD57500000793270,01-Feb-2022,CR,01-Feb-2022,201319547642,305979815,01-Feb-2022,CHOLAMANDALAM -113285-201319547642-NETBANK MUMBAI,201319547642,201319547642,17
