﻿Account Number,Statement Number,Transaction Type Debit (Dr)/Credit (Cr),Transaction Date,Bank Transaction Number,Amount,Value Date,Description,Challan No,Agreement No,Line No
,11-Feb-22,Cr,11-Feb-22,HDFCR52022021196411918,391546,11-Feb-22,RTGS CR-HDFC0000240-CHOLAMANDALAMINVESTMENTANDFIN84-KARURVYSYABANK-HDFCR52022021196411918,HDFCR52022021196411918,HDFCR52022021196411918,1
,11-Feb-22,Cr,11-Feb-22,HDFCR52022021196411917,335070,11-Feb-22,RTGS CR-HDFC0000240-CHOLAMANDALAMINVESTMENTANDFIN84-KARURVYSYABANK-HDFCR52022021196411917,HDFCR52022021196411917,HDFCR52022021196411917,2
,11-Feb-22,Cr,11-Feb-22,HDFCR52022021196432087,733655,11-Feb-22,RTGS CR-HDFC0000240-CHOLAMANDALAMINVESTMENTANDFIN84-KARURVYSYABANK-HDFCR52022021196432087,HDFCR52022021196432087,HDFCR52022021196432087,3
,11-Feb-22,Cr,11-Feb-22,HDFCR52022021196430513,664510,11-Feb-22,RTGS CR-HDFC0000240-CHOLAMANDALAMINVESTMENTANDFIN84-KARURVYSYABANK-HDFCR52022021196430513,HDFCR52022021196430513,HDFCR52022021196430513,4
,11-Feb-22,Cr,11-Feb-22,HDFCR52022021196426722,338790,11-Feb-22,RTGS CR-HDFC0000240-CHOLAMANDALAMINVESTMENTANDFIN84-KARURVYSYABANK-HDFCR52022021196426722,HDFCR52022021196426722,HDFCR52022021196426722,5
,11-Feb-22,Cr,11-Feb-22,HDFCR52022021196411935,338790,11-Feb-22,RTGS CR-HDFC0000240-CHOLAMANDALAMINVESTMENTANDFIN84-KARURVYSYABANK-HDFCR52022021196411935,HDFCR52022021196411935,HDFCR52022021196411935,6
,11-Feb-22,Cr,11-Feb-22,,1404192,11-Feb-22,DT:TL DISB1861805000003491,,,7
,11-Feb-22,Cr,11-Feb-22,,1356000,11-Feb-22,DT:TL DISB1861805000003502,,,8
,11-Feb-22,Dr,11-Feb-22,N042220129484600,1691070,11-Feb-22,NEFT DR-N042220129484600-Chola-HDFC0000004-KATHIRAMPATT,N042220129484600,N042220129484600,9
,11-Feb-22,Cr,11-Feb-22,,1597920,11-Feb-22,DT:TL DISB1861805000003511,,,10
,11-Feb-22,Cr,11-Feb-22,,2953600,11-Feb-22,DT:TL DISB1861805000003482,,,11
,11-Feb-22,Cr,11-Feb-22,N042221831359351,177544,11-Feb-22,NEFT CR-HDFC0000240-CHOLAMANDALAM INVESTMENT AND FIN 84-KARUR VYSYA BANK-N042221831359351,N042221831359351,N042221831359351,12
,11-Feb-22,Cr,11-Feb-22,,2676880,11-Feb-22,DT:TL DISB1861805000003527,,,13
,11-Feb-22,Dr,11-Feb-22,N042220129480363,3341390,11-Feb-22,NEFT DR-N042220129480363-Chola-HDFC0000004-KATHIRAMPATT,N042220129480363,N042220129480363,14
,11-Feb-22,Dr,11-Feb-22,N042220129485088,3687255,11-Feb-22,NEFT DR-N042220129485088-Chola-HDFC0000004-KATHIRAMPATT,N042220129485088,N042220129485088,15
,11-Feb-22,Cr,11-Feb-22,,718200,11-Feb-22,DT:TL DISB1861805000003533,,,16
,11-Feb-22,Cr,11-Feb-22,,1404192,11-Feb-22,DT:TL DISB1861805000003542,,,17
,11-Feb-22,Dr,11-Feb-22,N042220129486367,1742982,11-Feb-22,NEFT DR-N042220129486367-EXCELVEHICLES28AUNITOFMYCARPUNEPVTLTD29-KKBK0000725-KATHIRAMPATT,N042220129486367,N042220129486367,18
,11-Feb-22,Dr,11-Feb-22,N042220129486373,1742982,11-Feb-22,NEFT DR-N042220129486373-EXCELVEHICLES28AUNITOFMYCARPUNEPVTLTD29-KKBK0000725-KATHIRAMPATT,N042220129486373,N042220129486373,19
,11-Feb-22,Dr,11-Feb-22,N042220129486380,1989466,11-Feb-22,NEFT DR-N042220129486380-PREMMOTORSINDIALLP-HDFC0001585-KATHIRAMPATT,N042220129486380,N042220129486380,20
,11-Feb-22,Dr,11-Feb-22,N042220129480494,895744,11-Feb-22,NEFT DR-N042220129480494-Chola-HDFC0000004-KATHIRAMPATT,N042220129480494,N042220129480494,21
